Date;Price;Open;High;Low
Nov 27, 2019;6973.1;7198.3;7227.4;6880.0
Nov 26, 2019;7198.3;7162.8;7384.7;7061.2
Nov 25, 2019;7168.0;6965.2;7413.6;6619.4
Nov 24, 2019;6965.3;7352.7;7372.0;6922.0
Nov 23, 2019;7352.6;7318.6;7385.0;7141.0
Nov 22, 2019;7323.0;7672.5;7763.3;6820.1
Nov 21, 2019;7671.1;8126.4;8155.9;7510.1
Nov 20, 2019;8126.4;8164.9;8255.0;8081.0
Nov 19, 2019;8164.9;8219.5;8241.9;8055.2
Nov 18, 2019;8219.5;8536.7;8536.8;8119.0
Nov 17, 2019;8537.3;8523.4;8662.9;8422.0
Nov 16, 2019;8523.5;8494.8;8553.1;8442.7
Nov 15, 2019;8495.8;8655.5;8798.1;8420.2
Nov 14, 2019;8655.7;8800.9;8817.4;8601.4
Nov 13, 2019;8801.1;8830.0;8849.3;8730.3
Nov 12, 2019;8830.0;8737.7;8891.5;8602.1
Nov 11, 2019;8737.7;9069.7;9107.3;8633.4
Nov 10, 2019;9068.4;8827.1;9156.9;8764.0
Nov 09, 2019;8828.0;8782.3;8891.4;8735.9
Nov 08, 2019;8782.4;9209.2;9252.4;8688.1
Nov 07, 2019;9208.0;9355.0;9387.1;9086.5
Nov 06, 2019;9353.0;9334.0;9475.0;9278.0
Nov 05, 2019;9333.9;9440.0;9504.1;9200.0
Nov 04, 2019;9441.2;9223.0;9621.8;9152.0
Nov 03, 2019;9222.4;9332.2;9400.6;9100.0
Nov 02, 2019;9332.1;9288.4;9429.4;9251.8
Nov 01, 2019;9289.1;9185.6;9332.1;9087.4
Oct 31, 2019;9185.6;9184.4;9460.7;8984.8
Oct 30, 2019;9184.3;9445.5;9446.9;9035.0
Oct 29, 2019;9445.5;9229.2;9558.3;9101.3
Oct 28, 2019;9225.7;9574.1;9948.0;9216.8
Oct 27, 2019;9571.8;9270.9;9815.6;9121.6
Oct 26, 2019;9270.9;8679.3;10464.1;8662.9
Oct 25, 2019;8679.1;7453.0;8800.0;7426.0
Oct 24, 2019;7453.0;7493.6;7529.0;7372.0
Oct 23, 2019;7493.7;8053.7;8074.5;7341.5
Oct 22, 2019;8058.9;8242.2;8332.2;8037.1
Oct 21, 2019;8243.9;8260.7;8371.3;8181.8
Oct 20, 2019;8260.6;7993.0;8335.6;7922.0
Oct 19, 2019;7992.9;7987.3;8117.0;7927.0
Oct 18, 2019;7987.2;8092.4;8135.1;7860.0
Oct 17, 2019;8092.3;8016.1;8144.9;7949.3
Oct 16, 2019;8016.0;8191.0;8203.2;7960.0
Oct 15, 2019;8191.1;8370.0;8433.7;8123.6
Oct 14, 2019;8370.0;8304.9;8423.5;8230.1
Oct 13, 2019;8305.7;8319.6;8477.4;8179.3
Oct 12, 2019;8318.3;8278.2;8421.0;8272.5
Oct 11, 2019;8280.0;8596.0;8815.2;8253.0
Oct 10, 2019;8596.0;8610.4;8682.8;8472.0
Oct 09, 2019;8607.5;8205.0;8717.9;8146.6
Oct 08, 2019;8211.2;8234.6;8362.0;8132.8
Oct 07, 2019;8227.0;7886.2;8342.0;7794.9
Oct 06, 2019;7883.1;8162.5;8183.1;7807.1
Oct 05, 2019;8162.5;8170.1;8210.7;8040.0
Oct 04, 2019;8170.0;8260.5;8264.9;8040.0
Oct 03, 2019;8257.9;8414.9;8440.0;8100.7
Oct 02, 2019;8413.4;8333.7;8419.9;8193.5
Oct 01, 2019;8334.9;8331.1;8539.0;8228.0
Sep 30, 2019;8331.1;8090.1;8384.0;7753.0
Sep 29, 2019;8090.0;8238.2;8260.2;7930.7
Sep 28, 2019;8238.6;8215.3;8354.7;8047.9
Sep 27, 2019;8213.4;8105.9;8296.5;7906.3
Sep 26, 2019;8103.6;8475.3;8489.9;7800.1
Sep 25, 2019;8474.7;8535.0;8770.0;8266.1
Sep 24, 2019;8547.9;9702.6;9788.1;8110.1
Sep 23, 2019;9702.6;10055.0;10077.0;9627.5
Sep 22, 2019;10052.0;10012.0;10105.0;9881.4
Sep 21, 2019;10013.0;10197.0;10199.0;9958.1
Sep 20, 2019;10198.0;10303.0;10340.0;10105.0
Sep 19, 2019;10301.0;10185.0;10417.0;9655.0
Sep 18, 2019;10185.0;10214.1;10278.0;10111.0
Sep 17, 2019;10214.1;10290.0;10308.0;10171.0
Sep 16, 2019;10295.0;10321.0;10399.0;10100.0
Sep 15, 2019;10322.0;10381.0;10402.0;10287.0
Sep 14, 2019;10379.0;10374.0;10478.0;10256.0
Sep 13, 2019;10374.0;10452.0;10475.0;10170.0
Sep 12, 2019;10452.0;10174.2;10488.0;10065.1
Sep 11, 2019;10175.0;10121.0;10297.0;9866.5
Sep 10, 2019;10122.0;10317.0;10399.0;9961.7
Sep 09, 2019;10318.0;10417.0;10542.0;10118.6
Sep 08, 2019;10415.0;10489.0;10599.0;10257.0
Sep 07, 2019;10488.0;10305.0;10581.0;10305.0
Sep 06, 2019;10317.0;10582.9;10933.0;10218.0
Sep 05, 2019;10578.7;10593.0;10663.0;10483.0
Sep 04, 2019;10590.0;10642.0;10841.2;10411.0
Sep 03, 2019;10641.0;10401.0;10766.0;10300.0
Sep 02, 2019;10388.0;9783.0;10473.0;9754.9
Sep 01, 2019;9779.1;9623.9;9858.0;9560.1
Aug 31, 2019;9623.9;9600.7;9710.2;9472.1
Aug 30, 2019;9601.0;9509.4;9710.0;9384.3
Aug 29, 2019;9509.0;9727.3;9727.3;9360.4
Aug 28, 2019;9727.4;10190.0;10303.0;9585.3
Aug 27, 2019;10184.0;10376.2;10392.0;10036.9
Aug 26, 2019;10377.0;10144.0;10654.0;10144.0
Aug 25, 2019;10132.0;10162.0;10349.0;9881.1
Aug 24, 2019;10152.0;10414.0;10427.0;9900.0
Aug 23, 2019;10408.0;10117.0;10461.0;10063.0
Aug 22, 2019;10117.0;10147.0;10247.0;9790.0
Aug 21, 2019;10146.0;10795.0;10825.0;9880.0
Aug 20, 2019;10793.0;10947.0;10986.0;10588.0
Aug 19, 2019;10937.0;10329.0;10960.0;10280.0
Aug 18, 2019;10327.0;10230.0;10529.0;10086.0
Aug 17, 2019;10228.0;10372.0;10487.0;10004.1
Aug 16, 2019;10366.0;10324.0;10568.0;9783.4
Aug 15, 2019;10327.0;10067.0;10470.0;9522.5
Aug 14, 2019;10067.0;10904.0;10909.0;9980.0
Aug 13, 2019;10904.0;11411.0;11468.0;10801.0
Aug 12, 2019;11404.0;11577.0;11578.8;11272.0
Aug 11, 2019;11586.0;11308.0;11594.0;11158.0
Aug 10, 2019;11314.0;11892.0;12003.0;11263.0
Aug 09, 2019;11893.0;12051.0;12092.7;11711.0
Aug 08, 2019;12060.0;11999.0;12126.0;11570.0
Aug 07, 2019;11997.0;11472.0;12122.0;11386.0
Aug 06, 2019;11471.2;11824.0;12307.0;11268.0
Aug 05, 2019;11808.0;10974.0;11938.0;10973.0
Aug 04, 2019;10973.0;10822.0;11060.0;10595.0
Aug 03, 2019;10822.0;10520.0;10910.0;10506.0
Aug 02, 2019;10519.0;10400.0;10648.3;10345.0
Aug 01, 2019;10399.0;10096.0;10500.0;9899.9
Jul 31, 2019;10088.0;9588.9;10099.0;9575.5
Jul 30, 2019;9589.0;9503.5;9736.0;9401.6
Jul 29, 2019;9507.0;9530.0;9690.0;9396.6
Jul 28, 2019;9519.0;9463.1;9604.2;9112.3
Jul 27, 2019;9465.7;9840.3;10189.0;9300.3
Jul 26, 2019;9842.5;9888.0;9899.0;9672.0
Jul 25, 2019;9890.1;9772.0;10180.0;9735.0
Jul 24, 2019;9771.0;9859.0;9917.7;9541.9
Jul 23, 2019;9854.9;10330.0;10330.0;9824.5
Jul 22, 2019;10329.0;10572.0;10667.0;10094.0
Jul 21, 2019;10569.4;10741.0;10811.0;10300.0
Jul 20, 2019;10740.0;10517.6;11085.0;10402.0
Jul 19, 2019;10519.0;10624.0;10759.0;10132.7
Jul 18, 2019;10622.0;9691.2;10750.0;9271.6
Jul 17, 2019;9683.2;9418.4;9963.1;9090.0
Jul 16, 2019;9410.0;10813.0;10991.0;9378.0
Jul 15, 2019;10820.0;10193.0;11043.0;9920.6
Jul 14, 2019;10206.8;11324.0;11390.0;10125.0
Jul 13, 2019;11312.0;11779.0;11803.0;10806.0
Jul 12, 2019;11765.0;11327.0;11900.0;11100.0
Jul 11, 2019;11340.0;12092.0;12092.0;11006.0
Jul 10, 2019;12093.0;12564.0;13173.0;11572.0
Jul 09, 2019;12553.0;12301.5;12811.0;12173.0
Jul 08, 2019;12301.0;11484.0;12382.0;11339.0
Jul 07, 2019;11486.0;11276.0;11618.0;11121.6
Jul 06, 2019;11283.0;10983.0;11720.0;10983.0
Jul 05, 2019;10998.0;11141.0;11440.0;10802.0
Jul 04, 2019;11169.0;12000.0;12063.5;11057.0
Jul 03, 2019;11984.0;10903.0;12004.0;10903.0
Jul 02, 2019;10866.0;10639.8;10961.0;9745.1
Jul 01, 2019;10639.0;10777.0;11221.0;10099.0
Jun 30, 2019;10745.0;11973.0;12229.0;10705.0
Jun 29, 2019;11921.0;12350.7;12350.7;11375.0
Jun 28, 2019;12349.0;11183.0;12404.0;10812.0
Jun 27, 2019;11200.0;12876.0;13222.0;10397.0
Jun 26, 2019;12876.0;11746.0;13764.0;11693.0
Jun 25, 2019;11751.0;11070.0;11780.0;10992.4
Jun 24, 2019;11053.0;10913.0;11135.0;10560.0
Jun 23, 2019;10916.0;10745.0;11368.0;10576.0
Jun 22, 2019;10747.9;10227.0;11210.0;10098.2
Jun 21, 2019;10236.0;9557.8;10249.0;9557.8
Jun 20, 2019;9557.1;9306.0;9620.8;9241.0
Jun 19, 2019;9305.9;9094.9;9339.9;9062.0
Jun 18, 2019;9095.9;9351.0;9370.9;8945.4
Jun 17, 2019;9356.0;8986.0;9489.9;8986.0
Jun 16, 2019;8986.0;8852.8;9389.6;8803.0
Jun 15, 2019;8856.0;8689.0;8904.1;8611.0
Jun 14, 2019;8689.1;8230.0;8714.9;8163.3
Jun 13, 2019;8227.4;8177.6;8333.0;8038.9
Jun 12, 2019;8175.4;7903.1;8238.8;7822.3
Jun 11, 2019;7904.1;8018.8;8048.9;7711.3
Jun 10, 2019;8013.7;7622.5;8046.3;7523.3
Jun 09, 2019;7639.2;7924.0;7961.0;7502.5
Jun 08, 2019;7924.6;8002.1;8064.8;7802.0
Jun 07, 2019;7991.5;7816.9;8123.5;7769.1
Jun 06, 2019;7805.6;7766.3;7870.6;7461.0
Jun 05, 2019;7789.3;7692.8;7931.0;7603.0
Jun 04, 2019;7692.8;8088.0;8088.0;7524.5
Jun 03, 2019;8103.4;8740.1;8740.1;8050.1
Jun 02, 2019;8740.0;8546.9;8818.0;8540.0
Jun 01, 2019;8547.0;8531.9;8625.0;8452.0
May 31, 2019;8533.3;8268.5;8550.0;8112.4
May 30, 2019;8269.9;8681.2;9100.0;8019.7
May 29, 2019;8680.9;8738.1;8794.9;8490.0
May 28, 2019;8740.9;8806.1;8843.7;8558.3
May 27, 2019;8806.0;8730.0;8951.0;8661.0
May 26, 2019;8729.9;8054.9;8820.0;7880.2
May 25, 2019;8054.9;7990.0;8135.0;7950.4
May 24, 2019;7994.9;7872.1;8158.6;7801.6
May 23, 2019;7872.4;7619.9;7957.1;7496.3
May 22, 2019;7621.1;7933.6;8030.0;7507.9
May 21, 2019;7937.0;7990.5;8089.9;7819.7
May 20, 2019;7985.0;8188.3;8188.3;7601.0
May 19, 2019;8189.5;7260.1;8263.2;7252.0
May 18, 2019;7260.0;7418.3;7509.1;7210.6
May 17, 2019;7415.4;7857.5;7905.7;7067.4
May 16, 2019;7857.0;8135.5;8307.7;7750.1
May 15, 2019;8132.9;7951.9;8208.9;7837.6
May 14, 2019;7958.3;7753.2;8194.1;7684.1
May 13, 2019;7753.2;6980.1;8049.9;6883.9
May 12, 2019;6979.9;7125.1;7448.0;6860.0
May 11, 2019;7136.4;6438.7;7278.3;6438.7
May 10, 2019;6438.7;6262.0;6522.0;6212.6
May 09, 2019;6258.4;6201.9;6309.0;6165.0
May 08, 2019;6201.0;6096.6;6220.4;6024.1
May 07, 2019;6087.9;6027.9;6290.0;6027.9
May 06, 2019;6027.9;6042.0;6100.3;5906.8
May 05, 2019;6042.0;6098.2;6112.0;5956.2
May 04, 2019;6098.3;6019.9;6149.1;5868.2
May 03, 2019;6016.0;5729.6;6139.9;5716.5
May 02, 2019;5723.8;5629.5;5779.8;5618.0
May 01, 2019;5629.6;5599.6;5655.0;5585.5
Apr 30, 2019;5599.5;5480.0;5612.0;5454.9
Apr 29, 2019;5480.1;5486.8;5515.2;5370.3
Apr 28, 2019;5486.8;5400.6;5542.2;5400.6
Apr 27, 2019;5401.8;5410.9;5456.9;5355.4
Apr 26, 2019;5410.8;5215.6;5517.1;5174.1
Apr 25, 2019;5219.0;5479.6;5556.8;5065.2
Apr 24, 2019;5480.3;5547.1;5647.4;5415.0
Apr 23, 2019;5550.9;5417.8;5645.0;5395.2
Apr 22, 2019;5417.8;5320.3;5447.5;5276.5
Apr 21, 2019;5321.9;5340.1;5366.1;5259.4
Apr 20, 2019;5340.0;5314.1;5375.6;5289.2
Apr 19, 2019;5314.0;5310.8;5371.1;5225.0
Apr 18, 2019;5310.8;5254.5;5339.3;5254.0
Apr 17, 2019;5254.5;5234.3;5291.1;5224.7
Apr 16, 2019;5234.3;5042.8;5256.2;5030.0
Apr 15, 2019;5049.2;5190.1;5217.1;5000.7
Apr 14, 2019;5194.3;5103.7;5209.0;5064.2
Apr 13, 2019;5101.8;5114.1;5160.8;5075.3
Apr 12, 2019;5114.0;5059.0;5134.9;4935.2
Apr 11, 2019;5065.8;5315.5;5340.0;5001.1
Apr 10, 2019;5311.7;5213.0;5487.4;5200.5
Apr 09, 2019;5216.3;5312.4;5312.5;5173.5
Apr 08, 2019;5312.5;5238.9;5361.7;5148.5
Apr 07, 2019;5238.1;5091.1;5313.1;5075.0
Apr 06, 2019;5090.5;5080.4;5280.0;4968.1
Apr 05, 2019;5080.4;4939.3;5130.0;4930.1
Apr 04, 2019;4938.9;4976.9;5099.9;4834.0
Apr 03, 2019;4978.0;4929.3;5330.1;4849.1
Apr 02, 2019;4927.1;4196.9;5079.4;4189.7
Apr 01, 2019;4196.8;4167.5;4220.8;4127.2
Mar 31, 2019;4167.6;4165.1;4181.4;4153.1
Mar 30, 2019;4165.1;4179.1;4210.0;4117.2
Mar 29, 2019;4179.0;4092.6;4188.0;4084.7
Mar 28, 2019;4092.6;4102.7;4104.0;4066.4
Mar 27, 2019;4102.5;3992.7;4109.6;3979.6
Mar 26, 2019;3991.7;3970.0;3994.8;3951.0
Mar 25, 2019;3970.0;4041.4;4049.9;3939.1
Mar 24, 2019;4041.4;4063.0;4063.2;4011.5
Mar 23, 2019;4063.2;4045.2;4076.3;4038.5
Mar 22, 2019;4045.3;4044.8;4064.6;4035.1
Mar 21, 2019;4044.8;4127.2;4138.7;4005.2
Mar 20, 2019;4127.2;4104.6;4136.2;4073.9
Mar 19, 2019;4104.7;4073.7;4118.0;4056.6
Mar 18, 2019;4073.5;4069.0;4119.9;4035.6
Mar 17, 2019;4068.9;4088.0;4088.3;4041.1
Mar 16, 2019;4088.0;4003.1;4152.7;4003.1
Mar 15, 2019;4003.1;3948.3;4011.0;3948.3
Mar 14, 2019;3948.3;3946.2;4000.1;3882.8
Mar 13, 2019;3947.9;3954.9;3972.1;3925.1
Mar 12, 2019;3954.1;3950.7;3979.5;3895.2
Mar 11, 2019;3949.0;4000.0;4009.2;3920.7
Mar 10, 2019;4000.0;4017.3;4017.3;3961.8
Mar 09, 2019;4017.3;3940.5;4046.2;3933.9
Mar 08, 2019;3940.5;3964.7;4020.9;3863.7
Mar 07, 2019;3964.7;3951.5;3989.6;3935.7
Mar 06, 2019;3951.4;3951.6;3984.1;3912.4
Mar 05, 2019;3951.6;3800.0;3966.9;3786.2
Mar 04, 2019;3800.0;3884.8;3908.1;3767.1
Mar 03, 2019;3884.8;3913.0;3923.4;3856.7
Mar 02, 2019;3913.0;3915.0;3924.0;3850.0
Mar 01, 2019;3914.0;3894.0;3948.7;3893.0
Feb 28, 2019;3894.0;3900.1;3988.0;3875.0
Feb 27, 2019;3902.7;3896.8;3934.0;3767.0
Feb 26, 2019;3896.8;3919.3;3934.1;3870.4
Feb 25, 2019;3921.8;3825.0;3965.0;3825.0
Feb 24, 2019;3832.0;4212.2;4282.4;3812.0
Feb 23, 2019;4211.7;4058.2;4255.0;4014.5
Feb 22, 2019;4058.3;4008.8;4074.0;3991.3
Feb 21, 2019;4008.8;4053.7;4122.0;3975.3
Feb 20, 2019;4055.0;3989.9;4070.0;3969.2
Feb 19, 2019;3989.9;3978.4;4081.4;3943.4
Feb 18, 2019;3978.1;3734.5;4019.9;3723.9
Feb 17, 2019;3734.5;3676.5;3788.8;3668.9
Feb 16, 2019;3676.4;3670.1;3724.9;3666.0
Feb 15, 2019;3670.0;3656.7;3716.3;3644.5
Feb 14, 2019;3656.7;3665.5;3681.1;3641.1
Feb 13, 2019;3666.1;3694.1;3735.4;3650.4
Feb 12, 2019;3694.2;3681.0;3728.0;3645.3
Feb 11, 2019;3681.1;3749.7;3749.7;3672.0
Feb 10, 2019;3746.3;3718.3;3753.5;3667.1
Feb 09, 2019;3718.4;3724.1;3739.1;3688.8
Feb 08, 2019;3724.0;3439.0;3799.6;3427.8
Feb 07, 2019;3436.1;3451.9;3462.3;3429.3
Feb 06, 2019;3452.0;3512.6;3521.0;3417.6
Feb 05, 2019;3512.6;3490.4;3517.0;3475.9
Feb 04, 2019;3490.5;3504.2;3522.6;3475.3
Feb 03, 2019;3501.7;3564.5;3566.8;3470.1
Feb 02, 2019;3564.3;3534.8;3575.4;3500.8
Feb 01, 2019;3536.2;3502.7;3557.2;3465.0
Jan 31, 2019;3501.1;3529.7;3565.7;3482.2
Jan 30, 2019;3529.6;3478.0;3548.0;3451.5
Jan 29, 2019;3477.9;3501.1;3512.5;3427.2
Jan 28, 2019;3501.9;3597.1;3597.9;3450.3
Jan 27, 2019;3597.1;3630.7;3642.5;3544.0
Jan 26, 2019;3630.7;3629.0;3745.8;3624.8
Jan 25, 2019;3628.9;3653.0;3663.4;3582.1
Jan 24, 2019;3652.6;3621.7;3670.0;3589.9
Jan 23, 2019;3619.9;3639.0;3677.0;3591.2
Jan 22, 2019;3639.1;3579.4;3676.3;3488.3
Jan 21, 2019;3579.4;3588.6;3614.8;3550.0
Jan 20, 2019;3586.1;3762.3;3796.0;3548.3
Jan 19, 2019;3760.0;3674.1;3858.5;3673.9
Jan 18, 2019;3675.7;3722.5;3723.9;3652.4
Jan 17, 2019;3723.0;3671.3;3725.0;3610.0
Jan 16, 2019;3671.2;3657.0;3750.0;3642.9
Jan 15, 2019;3656.5;3749.3;3769.5;3625.1
Jan 14, 2019;3749.3;3591.0;3798.7;3581.8
Jan 13, 2019;3591.0;3702.0;3712.9;3570.0
Jan 12, 2019;3702.0;3712.8;3734.0;3674.4
Jan 11, 2019;3716.1;3712.8;3777.4;3666.6
Jan 10, 2019;3712.8;4083.3;4136.1;3687.2
Jan 09, 2019;4083.2;4100.0;4165.5;4036.0
Jan 08, 2019;4100.0;4113.9;4210.0;4056.2
Jan 07, 2019;4113.9;4170.9;4196.9;4078.5
Jan 06, 2019;4171.5;3911.0;4214.5;3892.9
Jan 05, 2019;3911.0;3954.8;4014.9;3901.4
Jan 04, 2019;3954.9;3923.2;3985.8;3853.3
Jan 03, 2019;3923.2;4049.9;4055.1;3882.0
Jan 02, 2019;4048.5;3963.1;4082.2;3920.1
Jan 01, 2019;3963.0;3832.6;3981.9;3788.4
Dec 31, 2018;3830.5;3976.7;3986.9;3779.5
Dec 30, 2018;3978.3;3893.8;4003.0;3845.2
Dec 29, 2018;3887.0;4033.9;4099.7;3864.6
Dec 28, 2018;4036.7;3712.0;4094.9;3696.3
Dec 27, 2018;3714.7;3930.0;3954.9;3688.0
Dec 26, 2018;3929.8;3909.7;3990.0;3812.1
Dec 25, 2018;3909.7;4140.7;4152.1;3815.5
Dec 24, 2018;4145.2;4071.7;4384.0;4069.0
Dec 23, 2018;4075.7;4135.0;4210.0;4036.8
Dec 22, 2018;4135.0;3975.9;4147.3;3919.5
Dec 21, 2018;3976.1;4214.6;4283.0;3913.3
Dec 20, 2018;4214.5;3810.0;4275.7;3788.6
Dec 19, 2018;3810.0;3780.1;4041.1;3758.0
Dec 18, 2018;3780.1;3625.0;3780.9;3551.0
Dec 17, 2018;3625.1;3299.9;3711.5;3285.5
Dec 16, 2018;3299.9;3282.2;3380.3;3278.0
Dec 15, 2018;3285.1;3281.6;3323.8;3216.1
Dec 14, 2018;3282.8;3354.4;3390.8;3226.4
Dec 13, 2018;3354.4;3535.6;3539.1;3322.2
Dec 12, 2018;3535.6;3435.3;3611.2;3415.1
Dec 11, 2018;3435.3;3523.5;3549.6;3384.0
Dec 10, 2018;3524.9;3642.1;3697.9;3475.8
Dec 09, 2018;3639.6;3506.0;3766.6;3469.7
Dec 08, 2018;3506.0;3460.0;3784.8;3316.2
Dec 07, 2018;3460.0;3528.6;3624.8;3278.4
Dec 06, 2018;3531.3;3770.5;3908.0;3506.0
Dec 05, 2018;3765.3;3982.2;4000.1;3751.1
Dec 04, 2018;3981.9;3903.8;4131.1;3793.1
Dec 03, 2018;3901.2;4172.9;4178.5;3836.2
Dec 02, 2018;4159.7;4241.4;4353.2;4127.2
Dec 01, 2018;4243.0;4043.6;4339.0;3978.8
Nov 30, 2018;4038.3;4323.3;4357.4;3966.2
Nov 29, 2018;4312.9;4331.4;4472.0;4180.6
Nov 28, 2018;4306.3;3902.3;4439.6;3889.9
Nov 27, 2018;3884.4;3850.1;3941.6;3713.2
Nov 26, 2018;3858.0;4111.3;4196.4;3708.1
Nov 25, 2018;4087.8;3934.9;4211.3;3663.0
Nov 24, 2018;3929.8;4422.8;4515.2;3834.7
Nov 23, 2018;4422.7;4370.8;4482.0;4251.0
Nov 22, 2018;4392.4;4672.1;4716.8;4388.5
Nov 21, 2018;4666.6;4572.8;4773.4;4429.9
Nov 20, 2018;4600.1;4944.9;5048.0;4318.1
Nov 19, 2018;4938.1;5650.3;5650.3;4890.9
Nov 18, 2018;5659.4;5637.2;5716.0;5621.0
Nov 17, 2018;5626.7;5655.7;5659.2;5573.6
Nov 16, 2018;5660.5;5731.9;5756.8;5555.0
Nov 15, 2018;5753.4;5922.3;5929.2;5441.5
Nov 14, 2018;5884.6;6458.9;6485.0;5705.0
Nov 13, 2018;6464.4;6447.0;6497.5;6403.5
Nov 12, 2018;6446.9;6481.0;6481.0;6418.8
Nov 11, 2018;6450.0;6431.0;6459.9;6364.0
Nov 10, 2018;6431.1;6414.5;6461.7;6414.5
Nov 09, 2018;6420.2;6479.5;6502.9;6392.6
Nov 08, 2018;6479.6;6573.0;6585.0;6477.0
Nov 07, 2018;6572.7;6519.0;6607.1;6512.2
Nov 06, 2018;6515.2;6475.0;6515.3;6447.8
Nov 05, 2018;6470.1;6495.2;6495.2;6439.4
Nov 04, 2018;6485.2;6389.2;6509.4;6360.1
Nov 03, 2018;6387.9;6432.2;6432.2;6334.7
Nov 02, 2018;6426.9;6407.1;6454.8;6391.6
Nov 01, 2018;6399.7;6374.8;6423.2;6353.5
Oct 31, 2018;6368.4;6330.1;6406.4;6248.2
Oct 30, 2018;6330.1;6347.1;6380.0;6313.2
Oct 29, 2018;6344.0;6490.2;6505.0;6320.9
Oct 28, 2018;6490.1;6498.4;6510.1;6456.3
Oct 27, 2018;6500.2;6534.9;6553.9;6480.1
Oct 26, 2018;6531.5;6533.4;6588.3;6514.3
Oct 25, 2018;6528.1;6554.0;6566.0;6500.1
Oct 24, 2018;6554.1;6550.0;6623.0;6543.2
Oct 23, 2018;6550.0;6567.2;6584.3;6525.4
Oct 22, 2018;6567.2;6587.4;6627.6;6549.1
Oct 21, 2018;6591.6;6582.9;6655.0;6582.9
Oct 20, 2018;6586.7;6517.0;6609.7;6511.3
Oct 19, 2018;6527.3;6609.6;6630.2;6519.9
Oct 18, 2018;6613.0;6736.4;6778.2;6567.5
Oct 17, 2018;6737.1;6754.2;6792.7;6681.3
Oct 16, 2018;6754.1;6739.0;6891.8;6679.0
Oct 15, 2018;6742.0;6322.7;7704.2;6300.0
Oct 14, 2018;6335.2;6326.0;6399.1;6318.5
Oct 13, 2018;6326.5;6288.6;6331.4;6288.6
Oct 12, 2018;6293.2;6249.0;6348.4;6223.0
Oct 11, 2018;6252.0;6628.0;6628.0;6223.8
Oct 10, 2018;6630.2;6659.7;6659.7;6529.7
Oct 09, 2018;6663.0;6679.7;6680.6;6608.5
Oct 08, 2018;6673.2;6617.0;6718.4;6585.9
Oct 07, 2018;6601.0;6595.2;6633.7;6532.8
Oct 06, 2018;6592.0;6639.9;6648.2;6564.5
Oct 05, 2018;6644.7;6594.3;6666.9;6548.0
Oct 04, 2018;6580.1;6507.9;6640.0;6499.3
Oct 03, 2018;6503.2;6527.5;6552.5;6428.1
Oct 02, 2018;6533.3;6602.0;6638.4;6514.1
Oct 01, 2018;6601.9;6625.9;6659.6;6521.0
Sep 30, 2018;6618.1;6590.0;6656.5;6533.3
Sep 29, 2018;6604.6;6627.3;6631.2;6466.0
Sep 28, 2018;6635.1;6691.2;6825.0;6545.1
Sep 27, 2018;6692.5;6462.4;6727.2;6440.7
Sep 26, 2018;6462.4;6442.8;6552.7;6385.8
Sep 25, 2018;6434.7;6585.1;6585.1;6350.2
Sep 24, 2018;6585.0;6697.8;6721.7;6555.1
Sep 23, 2018;6710.0;6723.1;6783.3;6664.2
Sep 22, 2018;6723.0;6789.8;6840.0;6643.6
Sep 21, 2018;6762.7;6522.1;6790.0;6496.0
Sep 20, 2018;6500.5;6392.8;6535.0;6357.2
Sep 19, 2018;6390.9;6330.8;6521.5;6112.7
Sep 18, 2018;6342.8;6243.0;6384.0;6229.2
Sep 17, 2018;6254.2;6506.1;6532.8;6205.1
Sep 16, 2018;6498.5;6512.8;6517.8;6384.5
Sep 15, 2018;6513.6;6480.1;6568.9;6473.6
Sep 14, 2018;6485.0;6495.0;6593.0;6355.6
Sep 13, 2018;6475.6;6334.0;6523.4;6334.0
Sep 12, 2018;6332.0;6290.9;6355.0;6203.1
Sep 11, 2018;6290.8;6332.1;6397.1;6178.1
Sep 10, 2018;6308.0;6240.0;6363.5;6233.2
Sep 09, 2018;6239.9;6184.9;6427.6;6142.2
Sep 08, 2018;6185.0;6404.2;6475.1;6130.3
Sep 07, 2018;6404.1;6516.1;6532.9;6322.8
Sep 06, 2018;6515.6;6705.0;6720.8;6310.3
Sep 05, 2018;6710.5;7357.3;7400.0;6700.0
Sep 04, 2018;7358.9;7267.8;7410.3;7246.2
Sep 03, 2018;7268.0;7304.7;7341.4;7200.1
Sep 02, 2018;7290.4;7197.5;7367.0;7137.2
Sep 01, 2018;7197.5;7022.9;7260.4;7020.5
Aug 31, 2018;7025.9;6986.1;7084.0;6889.0
Aug 30, 2018;6994.7;7037.9;7060.0;6802.4
Aug 29, 2018;7045.7;7079.9;7133.6;6931.6
Aug 28, 2018;7079.7;6910.5;7127.2;6872.0
Aug 27, 2018;6909.5;6707.0;6911.6;6653.5
Aug 26, 2018;6708.4;6732.8;6784.1;6574.5
Aug 25, 2018;6732.9;6693.3;6795.5;6670.0
Aug 24, 2018;6695.9;6530.5;6728.3;6462.7
Aug 23, 2018;6527.2;6363.8;6565.6;6350.0
Aug 22, 2018;6354.9;6479.1;6885.0;6253.0
Aug 21, 2018;6479.1;6255.2;6500.0;6245.0
Aug 20, 2018;6255.9;6485.1;6520.6;6230.2
Aug 19, 2018;6485.1;6395.0;6550.0;6309.3
Aug 18, 2018;6391.2;6585.9;6615.0;6301.9
Aug 17, 2018;6583.3;6312.0;6588.7;6290.2
Aug 16, 2018;6314.0;6270.2;6474.7;6215.2
Aug 15, 2018;6270.1;6188.6;6623.8;6181.1
Aug 14, 2018;6189.0;6241.3;6244.0;5879.3
Aug 13, 2018;6251.9;6312.2;6541.8;6150.0
Aug 12, 2018;6313.9;6234.7;6481.7;6163.3
Aug 11, 2018;6232.7;6147.0;6485.7;6008.2
Aug 10, 2018;6146.8;6533.6;6573.6;6014.5
Aug 09, 2018;6529.1;6280.7;6623.7;6188.2
Aug 08, 2018;6279.2;6718.8;6720.1;6131.0
Aug 07, 2018;6720.5;6940.1;7149.9;6678.8
Aug 06, 2018;6941.3;7025.8;7149.9;6847.0
Aug 05, 2018;7025.8;7013.2;7089.7;6890.2
Aug 04, 2018;7013.2;7420.0;7490.0;6930.0
Aug 03, 2018;7420.0;7533.2;7533.2;7283.6
Aug 02, 2018;7535.2;7606.0;7707.1;7463.1
Aug 01, 2018;7608.8;7731.3;7755.6;7444.2
Jul 31, 2018;7730.6;8179.5;8179.5;7670.0
Jul 30, 2018;8179.6;8218.5;8274.2;7862.9
Jul 29, 2018;8221.0;8235.7;8293.9;8123.0
Jul 28, 2018;8246.4;8188.0;8246.4;8073.9
Jul 27, 2018;8185.7;7933.5;8280.3;7815.1
Jul 26, 2018;7939.0;8178.4;8313.1;7869.8
Jul 25, 2018;8176.0;8380.0;8485.7;8073.0
Jul 24, 2018;8394.5;7719.8;8500.2;7692.3
Jul 23, 2018;7719.8;7397.7;7800.7;7374.1
Jul 22, 2018;7400.5;7403.4;7572.7;7338.9
Jul 21, 2018;7403.3;7333.0;7458.0;7221.0
Jul 20, 2018;7333.1;7473.6;7681.0;7278.2
Jul 19, 2018;7473.5;7379.8;7559.9;7282.9
Jul 18, 2018;7379.4;7320.0;7586.5;7249.9
Jul 17, 2018;7319.8;6734.3;7462.9;6667.4
Jul 16, 2018;6729.2;6347.7;6750.0;6328.9
Jul 15, 2018;6347.2;6250.0;6388.9;6232.3
Jul 14, 2018;6250.1;6219.7;6320.0;6179.3
Jul 13, 2018;6220.0;6240.6;6335.1;6133.4
Jul 12, 2018;6249.0;6377.7;6377.7;6080.8
Jul 11, 2018;6377.8;6299.0;6402.8;6287.7
Jul 10, 2018;6301.5;6666.9;6680.1;6269.3
Jul 09, 2018;6666.7;6705.9;6820.0;6617.1
Jul 08, 2018;6707.0;6761.8;6790.8;6669.1
Jul 07, 2018;6761.7;6602.2;6826.1;6511.5
Jul 06, 2018;6602.1;6531.6;6636.9;6452.9
Jul 05, 2018;6540.2;6589.9;6697.7;6452.0
Jul 04, 2018;6590.0;6509.0;6778.3;6418.7
Jul 03, 2018;6500.0;6617.6;6672.4;6470.5
Jul 02, 2018;6581.3;6617.6;6672.4;6539.0
Jul 01, 2018;6349.7;6391.5;6435.0;6260.2
Jun 30, 2018;6391.5;6208.2;6518.1;6195.8
Jun 29, 2018;6208.1;5848.1;6273.0;5782.9
Jun 28, 2018;5850.0;6133.1;6167.7;5829.9
Jun 27, 2018;6133.1;6073.5;6181.4;5989.0
Jun 26, 2018;6078.5;6250.8;6273.7;6050.2
Jun 25, 2018;6246.6;6146.1;6334.2;6082.1
Jun 24, 2018;6148.0;6151.9;6249.7;5762.9
Jun 23, 2018;6152.0;6041.0;6253.9;6014.0
Jun 22, 2018;6042.6;6715.2;6730.7;5929.1
Jun 21, 2018;6713.5;6760.0;6787.1;6680.1
Jun 20, 2018;6760.4;6732.7;6818.2;6560.0
Jun 19, 2018;6737.5;6711.6;6832.9;6666.2
Jun 18, 2018;6709.2;6443.5;6826.8;6378.6
Jun 17, 2018;6435.7;6491.0;6573.0;6426.9
Jun 16, 2018;6485.9;6386.2;6557.2;6330.0
Jun 15, 2018;6385.0;6638.0;6655.5;6360.3
Jun 14, 2018;6633.7;6295.1;6703.4;6269.5
Jun 13, 2018;6295.2;6543.1;6611.7;6125.7
Jun 12, 2018;6543.9;6873.2;6873.2;6441.0
Jun 11, 2018;6873.3;6757.3;6897.0;6631.0
Jun 10, 2018;6757.3;7498.1;7498.1;6633.9
Jun 09, 2018;7498.6;7615.2;7684.9;7467.7
Jun 08, 2018;7615.1;7685.7;7697.0;7544.0
Jun 07, 2018;7688.9;7653.9;7756.1;7645.8
Jun 06, 2018;7654.0;7621.9;7698.0;7495.2
Jun 05, 2018;7621.7;7487.9;7669.0;7372.9
Jun 04, 2018;7488.3;7718.0;7761.5;7457.5
Jun 03, 2018;7718.0;7639.0;7777.4;7600.0
Jun 02, 2018;7638.1;7521.1;7691.2;7445.5
Jun 01, 2018;7521.0;7485.9;7599.8;7344.8
May 31, 2018;7485.8;7375.1;7599.7;7338.0
May 30, 2018;7375.1;7465.3;7557.5;7279.6
May 29, 2018;7460.0;7104.0;7527.9;7048.6
May 28, 2018;7097.9;7339.6;7434.8;7062.4
May 27, 2018;7339.7;7330.8;7411.5;7220.1
May 26, 2018;7330.3;7456.7;7621.7;7286.1
May 25, 2018;7458.0;7576.0;7654.1;7323.1
May 24, 2018;7576.7;7503.3;7718.0;7260.9
May 23, 2018;7494.8;7978.0;8020.0;7442.1
May 22, 2018;7977.3;8399.6;8406.5;7947.2
May 21, 2018;8393.4;8523.7;8586.9;8317.7
May 20, 2018;8523.7;8230.9;8580.0;8171.5
May 19, 2018;8232.3;8238.9;8400.1;8142.0
May 18, 2018;8239.0;8054.8;8276.6;7927.8
May 17, 2018;8051.8;8349.7;8466.9;7986.8
May 16, 2018;8336.1;8467.0;8488.7;8103.6
May 15, 2018;8467.5;8668.5;8838.0;8420.7
May 14, 2018;8670.8;8683.8;8882.4;8279.5
May 13, 2018;8683.6;8467.0;8753.0;8320.0
May 12, 2018;8462.7;8419.5;8631.6;8204.5
May 11, 2018;8412.4;9015.2;9015.2;8341.8
May 10, 2018;9018.7;9320.0;9390.0;9003.0
May 09, 2018;9318.2;9180.7;9370.9;8980.1
May 08, 2018;9184.7;9356.4;9469.7;9052.3
May 07, 2018;9370.0;9659.0;9675.7;9200.0
May 06, 2018;9658.7;9859.6;9963.9;9455.0
May 05, 2018;9859.6;9702.9;9990.0;9685.9
May 04, 2018;9702.8;9759.0;9811.9;9557.0
May 03, 2018;9762.1;9237.9;9838.0;9162.8
May 02, 2018;9236.4;9069.1;9279.8;8979.6
May 01, 2018;9067.0;9240.7;9240.7;8829.1
Apr 30, 2018;9240.0;9400.0;9450.0;9110.7
Apr 29, 2018;9398.6;9340.3;9564.1;9184.6
Apr 28, 2018;9345.3;8911.0;9436.0;8845.0
Apr 27, 2018;8920.1;9269.7;9381.1;8902.8
Apr 26, 2018;9279.3;8850.1;9308.0;8656.0
Apr 25, 2018;8878.4;9643.0;9761.5;8768.4
Apr 24, 2018;9644.4;8940.2;9737.9;8929.9
Apr 23, 2018;8940.0;8791.4;8940.0;8769.9
Apr 22, 2018;8800.0;8917.6;8979.8;8752.9
Apr 21, 2018;8919.1;8865.4;9029.0;8618.9
Apr 20, 2018;8866.1;8272.8;8937.5;8219.0
Apr 19, 2018;8272.8;8166.4;8296.8;8099.9
Apr 18, 2018;8166.3;7888.8;8229.0;7874.7
Apr 17, 2018;7889.9;8056.1;8169.0;7823.3
Apr 16, 2018;8056.2;8354.8;8415.0;7900.3
Apr 15, 2018;8354.1;8003.0;8426.3;7997.2
Apr 14, 2018;8002.9;7885.8;8182.0;7820.7
Apr 13, 2018;7885.8;7915.2;8230.0;7746.0
Apr 12, 2018;7912.0;6944.0;8083.7;6761.3
Apr 11, 2018;6943.1;6839.3;6975.7;6795.0
Apr 10, 2018;6839.3;6770.9;6890.6;6650.0
Apr 09, 2018;6764.6;7024.0;7187.4;6611.0
Apr 08, 2018;7023.9;6892.6;7114.8;6883.0
Apr 07, 2018;6892.6;6610.0;7075.4;6599.9
Apr 06, 2018;6610.2;6767.2;6851.5;6501.1
Apr 05, 2018;6765.0;6785.8;6911.0;6571.9
Apr 04, 2018;6785.9;7403.3;7422.0;6670.0
Apr 03, 2018;7405.6;7073.8;7509.6;7020.0
Apr 02, 2018;7052.7;6813.1;7121.4;6770.2
Apr 01, 2018;6810.0;6925.4;7035.1;6432.4
Mar 31, 2018;6925.3;6838.1;7221.9;6782.9
Mar 30, 2018;6840.4;7091.5;7267.3;6533.0
Mar 29, 2018;7094.0;7936.0;7963.9;6897.2
Mar 28, 2018;7936.1;7784.5;8118.0;7725.0
Mar 27, 2018;7784.5;8128.0;8209.0;7727.0
Mar 26, 2018;8119.1;8445.0;8496.4;7839.1
Mar 25, 2018;8445.1;8525.0;8673.9;8373.0
Mar 24, 2018;8535.0;8911.4;9040.2;8463.0
Mar 23, 2018;8908.0;8703.8;8910.0;8272.8
Mar 22, 2018;8706.4;8888.6;9088.0;8453.1
Mar 21, 2018;8900.1;8899.8;9175.2;8755.7
Mar 20, 2018;8899.7;8600.2;9025.0;8309.6
Mar 19, 2018;8600.1;8209.0;8689.9;8100.0
Mar 18, 2018;8200.2;7832.0;8285.6;7240.0
Mar 17, 2018;7851.0;8250.0;8350.1;7729.5
Mar 16, 2018;8251.0;8250.1;8602.7;7903.2
Mar 15, 2018;8252.9;8181.3;8416.7;7666.3
Mar 14, 2018;8186.6;9135.2;9400.1;7923.8
Mar 13, 2018;9135.0;9130.2;9479.0;8827.7
Mar 12, 2018;9121.0;9528.0;9894.7;8776.8
Mar 11, 2018;9528.0;8764.4;9726.1;8429.0
Mar 10, 2018;8762.0;9216.2;9500.0;8691.1
Mar 09, 2018;9217.0;9301.9;9420.5;8351.0
Mar 08, 2018;9300.0;9910.7;10109.0;9037.0
Mar 07, 2018;9902.9;10779.0;10899.0;9422.1
Mar 06, 2018;10720.0;11403.0;11403.0;10578.0
Mar 05, 2018;11416.0;11497.0;11696.0;11390.0
Mar 04, 2018;11501.0;11454.0;11544.0;11061.0
Mar 03, 2018;11440.0;11024.0;11526.0;11024.0
Mar 02, 2018;11025.0;10908.0;11189.0;10766.0
Mar 01, 2018;10925.0;10316.0;11087.0;10224.0
Feb 28, 2018;10315.0;10583.0;11063.0;10270.0
Feb 27, 2018;10569.0;10320.0;10880.0;10133.0
Feb 26, 2018;10321.0;9583.0;10437.0;9359.9
Feb 25, 2018;9557.4;9666.3;9840.0;9284.3
Feb 24, 2018;9666.3;10144.0;10499.0;9350.3
Feb 23, 2018;10145.0;9826.5;10395.0;9583.9
Feb 22, 2018;9830.0;10453.2;10912.0;9740.0
Feb 21, 2018;10455.0;11216.0;11239.0;10200.0
Feb 20, 2018;11218.0;11172.0;11776.0;11101.0
Feb 19, 2018;11173.0;10398.0;11250.0;10308.0
Feb 18, 2018;10372.0;11062.0;11250.0;10122.0
Feb 17, 2018;11053.5;10161.0;11083.0;10050.0
Feb 16, 2018;10162.0;9996.0;10270.0;9674.9
Feb 15, 2018;9996.9;9454.3;10175.0;9338.8
Feb 14, 2018;9455.4;8515.9;9488.0;8512.6
Feb 13, 2018;8515.9;8902.9;8952.8;8339.7
Feb 12, 2018;8900.6;8070.0;9000.0;8070.0
Feb 11, 2018;8069.0;8563.0;8569.0;7851.0
Feb 10, 2018;8563.1;8678.1;9074.3;8152.1
Feb 09, 2018;8683.2;8240.0;8748.0;7734.7
Feb 08, 2018;8235.1;7585.0;8648.8;7579.6
Feb 07, 2018;7587.0;7679.4;8488.2;7175.1
Feb 06, 2018;7673.8;6946.6;7860.0;6000.0
Feb 05, 2018;6949.9;8185.2;8378.0;6658.8
Feb 04, 2018;8200.0;9225.1;9403.3;7840.0
Feb 03, 2018;9219.4;8887.1;9495.0;8189.6
Feb 02, 2018;8895.8;9181.0;9201.0;7972.2
Feb 01, 2018;9181.1;10278.0;10311.0;8941.0
Jan 31, 2018;10284.0;10170.0;10411.0;9761.0
Jan 30, 2018;10175.0;11215.0;11250.0;9864.9
Jan 29, 2018;11212.0;11836.0;11957.0;11074.0
Jan 28, 2018;11839.0;11455.1;12181.0;11398.0
Jan 27, 2018;11461.0;11068.0;11683.0;10822.0
Jan 26, 2018;11070.0;11144.0;11647.0;10298.0
Jan 25, 2018;11146.0;11402.0;11723.0;10857.0
Jan 24, 2018;11414.0;10811.0;11529.0;10454.0
Jan 23, 2018;10819.0;10770.0;11383.0;9901.1
Jan 22, 2018;10771.0;11519.0;11886.0;10009.0
Jan 21, 2018;11514.0;12732.0;12732.0;11020.0
Jan 20, 2018;12728.0;11462.0;13002.0;11425.0
Jan 19, 2018;11476.0;11036.0;11879.0;10649.0
Jan 18, 2018;11045.0;11101.0;11881.0;10515.0
Jan 17, 2018;11082.0;11059.0;11490.0;9231.1
Jan 16, 2018;11072.0;13594.0;13604.0;9949.4
Jan 15, 2018;13575.0;13558.0;14350.0;13307.0
Jan 14, 2018;13558.0;14190.0;14391.0;12874.3
Jan 13, 2018;14191.0;13794.0;14580.0;13760.0
Jan 12, 2018;13783.0;13248.0;14095.0;12778.0
Jan 11, 2018;13266.0;14895.0;14949.8;12639.0
Jan 10, 2018;14896.0;14426.0;14896.0;13338.0
Jan 09, 2018;14423.0;14902.0;15355.0;14122.0
Jan 08, 2018;14930.0;16216.0;16279.0;13760.0
Jan 07, 2018;16196.0;17163.0;17176.0;15726.0
Jan 06, 2018;17161.0;16911.0;17252.0;16251.0
Jan 05, 2018;16917.0;15159.0;17101.0;14769.0
Jan 04, 2018;15160.0;15150.0;15390.0;14064.0
Jan 03, 2018;15155.0;14713.0;15428.0;14522.0
Jan 02, 2018;14709.8;13448.0;15300.0;12810.0
Jan 01, 2018;13354.0;13794.0;13893.0;12787.0
Dec 31, 2017;13800.0;12385.0;14140.0;12183.9
Dec 30, 2017;12377.0;14308.0;14403.0;11690.0
Dec 29, 2017;14317.0;14323.0;15105.0;13847.0
Dec 28, 2017;14315.0;15374.0;15467.0;13232.0
Dec 27, 2017;15374.0;15680.0;16494.0;14463.0
Dec 26, 2017;15679.0;13627.0;16048.0;13550.0
Dec 25, 2017;13623.0;13517.0;14278.0;12678.0
Dec 24, 2017;13476.0;14036.0;14047.0;11601.2
Dec 23, 2017;14035.0;13173.0;14986.0;12755.0
Dec 22, 2017;13170.0;15650.0;15826.0;10718.0
Dec 21, 2017;15666.8;16433.0;17333.0;14827.0
Dec 20, 2017;16425.0;17340.0;17709.0;15500.0
Dec 19, 2017;17345.0;18931.0;18987.0;16500.0
Dec 18, 2017;18934.0;18959.0;19171.0;18010.0
Dec 17, 2017;18971.0;19210.0;19891.0;18622.0
Dec 16, 2017;19187.0;17569.5;19548.0;17098.0
Dec 15, 2017;17522.0;16396.0;18098.0;16352.0
Dec 14, 2017;16383.0;16122.0;16999.0;15870.0
Dec 13, 2017;16181.0;17010.0;17288.0;15674.0
Dec 12, 2017;16967.0;16754.0;17500.0;16234.0
Dec 11, 2017;16754.0;14937.0;17443.0;14937.0
Dec 10, 2017;14997.0;14660.0;15728.0;12748.0
Dec 09, 2017;14660.0;15829.0;16300.0;13021.0
Dec 08, 2017;15869.0;16608.0;17160.0;13774.0
Dec 07, 2017;16601.0;13500.0;16639.0;13154.0
Dec 06, 2017;13527.0;11590.0;13598.0;11590.0
Dec 05, 2017;11595.0;11611.0;11949.0;11414.0
Dec 04, 2017;11595.0;11162.0;11598.0;10788.0
Dec 03, 2017;11157.0;10880.0;11842.0;10299.0
Dec 02, 2017;10881.0;10852.0;11187.0;10627.0
Dec 01, 2017;10869.0;9907.0;10949.0;9370.1
Nov 30, 2017;9907.0;9771.9;10540.0;8821.0
Nov 29, 2017;9749.4;9891.9;11427.2;9001.1
Nov 28, 2017;9898.0;9727.1;9977.8;9608.3
Nov 27, 2017;9728.8;9303.9;9760.7;9268.9
Nov 26, 2017;9316.0;8791.0;9495.0;8769.2
Nov 25, 2017;8766.2;8191.6;8770.0;8132.9
Nov 24, 2017;8191.6;7977.0;8350.7;7873.0
Nov 23, 2017;7977.1;8230.0;8267.6;7977.1
Nov 22, 2017;8230.1;8097.3;8310.0;8064.3
Nov 21, 2017;8097.3;8245.1;8380.0;7790.0
Nov 20, 2017;8245.1;8052.8;8310.2;7943.4
Nov 19, 2017;8054.2;7770.6;8126.9;7652.0
Nov 18, 2017;7773.3;7674.1;7867.0;7419.5
Nov 17, 2017;7677.9;7865.0;8029.8;7511.1
Nov 16, 2017;7864.2;7273.7;8012.9;7099.9
Nov 15, 2017;7278.3;6589.9;7310.2;6589.9
Nov 14, 2017;6579.2;6476.5;6687.8;6315.4
Nov 13, 2017;6474.6;5806.5;6680.0;5786.1
Nov 12, 2017;5822.1;6282.4;6465.0;5426.0
Nov 11, 2017;6300.7;6541.2;6788.0;6166.0
Nov 10, 2017;6542.2;7123.3;7313.1;6405.2
Nov 09, 2017;7126.2;7447.0;7447.0;7017.6
Nov 08, 2017;7442.4;7102.0;7895.0;7029.9
Nov 07, 2017;7103.3;6959.6;7214.4;6959.0
Nov 06, 2017;6955.0;7355.1;7429.5;6915.1
Nov 05, 2017;7382.0;7370.9;7595.0;7272.0
Nov 04, 2017;7369.0;7104.0;7521.1;6936.5
Nov 03, 2017;7278.4;7018.9;7447.5;6926.5
Nov 02, 2017;7019.9;6735.0;7315.1;6724.5
Nov 01, 2017;6727.3;6450.2;6727.3;6348.0
Oct 31, 2017;6458.3;6129.9;6472.1;6082.7
Oct 30, 2017;6125.3;6146.0;6237.2;6010.0
Oct 29, 2017;6156.0;5718.1;6330.0;5662.9
Oct 28, 2017;5720.6;5759.8;5863.9;5634.7
Oct 27, 2017;5759.6;5890.0;6010.2;5681.2
Oct 26, 2017;5890.0;5724.2;5966.6;5680.5
Oct 25, 2017;5720.0;5509.9;5743.9;5367.9
Oct 24, 2017;5509.5;5902.5;5902.5;5457.5
Oct 23, 2017;5906.9;5980.5;6051.0;5639.8
Oct 22, 2017;5980.5;6005.1;6069.6;5717.9
Oct 21, 2017;6005.1;5984.9;6190.0;5873.6
Oct 20, 2017;5984.5;5694.0;6082.2;5606.4
Oct 19, 2017;5694.0;5574.8;5741.0;5505.8
Oct 18, 2017;5565.0;5597.7;5597.9;5114.3
Oct 17, 2017;5597.1;5764.8;5779.0;5511.0
Oct 16, 2017;5764.4;5712.2;5803.2;5570.4
Oct 15, 2017;5698.6;5838.7;5876.9;5450.0
Oct 14, 2017;5835.0;5636.8;5854.3;5567.3
Oct 13, 2017;5636.8;5440.0;5874.3;5376.0
Oct 12, 2017;5428.5;4824.9;5437.6;4815.1
Oct 11, 2017;4824.9;4777.7;4879.5;4715.0
Oct 10, 2017;4777.0;4782.3;4940.0;4717.5
Oct 09, 2017;4782.3;4612.4;4874.9;4551.3
Oct 08, 2017;4613.1;4435.9;4630.0;4417.6
Oct 07, 2017;4436.0;4370.0;4477.1;4316.1
Oct 06, 2017;4371.0;4312.6;4424.5;4294.0
Oct 05, 2017;4315.4;4215.9;4364.6;4134.9
Oct 04, 2017;4215.1;4310.6;4353.8;4177.7
Oct 03, 2017;4311.1;4399.3;4439.9;4222.0
Oct 02, 2017;4400.1;4404.3;4482.0;4359.8
Oct 01, 2017;4404.3;4366.6;4420.5;4257.7
Sep 30, 2017;4367.0;4168.1;4393.4;4160.1
Sep 29, 2017;4169.9;4190.0;4244.6;4024.7
Sep 28, 2017;4190.0;4207.5;4268.6;4125.0
Sep 27, 2017;4205.4;3881.6;4226.5;3878.1
Sep 26, 2017;3879.1;3930.0;3983.0;3850.9
Sep 25, 2017;3930.0;3654.7;3977.0;3654.7
Sep 24, 2017;3652.8;3779.6;3781.3;3620.0
Sep 23, 2017;3779.6;3598.7;3808.0;3559.1
Sep 22, 2017;3598.5;3597.3;3743.6;3493.5
Sep 21, 2017;3603.4;3875.5;3903.7;3564.4
Sep 20, 2017;3873.2;3892.2;4048.0;3834.1
Sep 19, 2017;3900.0;4084.4;4110.0;3836.2
Sep 18, 2017;4084.1;3667.0;4113.9;3667.0
Sep 17, 2017;3666.3;3680.1;3775.9;3476.3
Sep 16, 2017;3685.4;3697.1;3874.0;3511.1
Sep 15, 2017;3698.0;3237.4;3809.0;2981.0
Sep 14, 2017;3238.1;3850.2;3917.2;3206.2
Sep 13, 2017;3849.7;4149.4;4159.6;3734.0
Sep 12, 2017;4142.9;4198.9;4378.4;4055.5
Sep 11, 2017;4203.0;4234.9;4373.1;4123.0
Sep 10, 2017;4232.1;4315.4;4325.0;3975.8
Sep 09, 2017;4317.9;4304.0;4381.2;4159.4
Sep 08, 2017;4305.8;4613.5;4686.2;4107.1
Sep 07, 2017;4613.5;4594.6;4672.8;4465.3
Sep 06, 2017;4589.1;4375.0;4631.4;4361.4
Sep 05, 2017;4374.9;4210.6;4469.9;3900.1
Sep 04, 2017;4200.4;4599.2;4606.0;4056.5
Sep 03, 2017;4595.0;4534.2;4699.8;4331.0
Sep 02, 2017;4534.4;4911.8;4969.0;4400.5
Sep 01, 2017;4904.9;4718.3;4927.4;4660.7
Aug 31, 2017;4718.2;4567.9;4749.9;4567.9
Aug 30, 2017;4569.0;4586.6;4641.1;4481.1
Aug 29, 2017;4587.1;4385.1;4644.2;4336.7
Aug 28, 2017;4383.8;4330.7;4395.2;4175.7
Aug 27, 2017;4331.8;4340.2;4405.7;4305.0
Aug 26, 2017;4341.7;4351.5;4364.0;4243.6
Aug 25, 2017;4351.5;4324.1;4461.2;4277.4
Aug 24, 2017;4325.2;4135.0;4370.8;4093.0
Aug 23, 2017;4129.1;4086.9;4248.6;4055.9
Aug 22, 2017;4074.0;3998.9;4140.0;3600.0
Aug 21, 2017;4002.5;4066.3;4093.5;3956.4
Aug 20, 2017;4064.3;4145.0;4192.0;4040.9
Aug 19, 2017;4145.1;4088.2;4184.1;3920.0
Aug 18, 2017;4090.2;4269.7;4359.0;3957.0
Aug 17, 2017;4260.0;4386.4;4489.1;4178.1
Aug 16, 2017;4386.3;4160.0;4403.6;3928.1
Aug 15, 2017;4151.9;4321.0;4430.0;3841.9
Aug 14, 2017;4319.5;4061.6;4330.3;3969.3
Aug 13, 2017;4053.3;3866.2;4183.7;3836.1
Aug 12, 2017;3865.5;3643.4;3965.4;3590.0
Aug 11, 2017;3644.1;3404.7;3690.6;3380.0
Aug 10, 2017;3407.9;3340.2;3444.4;3310.0
Aug 09, 2017;3339.9;3415.0;3424.4;3236.8
Aug 08, 2017;3415.0;3395.0;3482.9;3343.8
Aug 07, 2017;3396.7;3232.5;3440.0;3190.0
Aug 06, 2017;3227.9;3255.0;3309.8;3156.0
Aug 05, 2017;3256.4;2860.0;3331.9;2855.0
Aug 04, 2017;2860.0;2790.3;2874.8;2762.6
Aug 03, 2017;2790.3;2702.0;2813.0;2698.0
Aug 02, 2017;2702.0;2733.8;2757.8;2640.0
Aug 01, 2017;2731.2;2854.3;2901.6;2615.8
Jul 31, 2017;2856.0;2748.9;2883.5;2694.8
Jul 30, 2017;2749.0;2713.7;2756.2;2595.0
Jul 29, 2017;2714.1;2784.8;2794.2;2662.6
Jul 28, 2017;2784.8;2664.6;2819.9;2655.5
Jul 27, 2017;2664.9;2527.7;2682.2;2511.0
Jul 26, 2017;2525.7;2560.9;2612.0;2404.6
Jul 25, 2017;2560.9;2769.7;2790.1;2435.7
Jul 24, 2017;2769.7;2750.1;2812.0;2707.3
Jul 23, 2017;2747.5;2845.7;2875.7;2656.2
Jul 22, 2017;2845.7;2659.0;2912.9;2642.8
Jul 21, 2017;2664.0;2874.5;2874.5;2615.0
Jul 20, 2017;2856.3;2253.3;2919.9;2253.3
Jul 19, 2017;2253.1;2302.2;2399.9;2214.2
Jul 18, 2017;2302.1;2220.0;2380.2;2139.8
Jul 17, 2017;2219.0;1925.0;2223.3;1924.1
Jul 16, 2017;1924.9;1979.7;2048.8;1835.8
Jul 15, 2017;1978.6;2206.5;2210.1;1975.7
Jul 14, 2017;2205.1;2329.4;2345.6;2138.0
Jul 13, 2017;2329.0;2375.6;2400.0;2293.8
Jul 12, 2017;2374.4;2285.6;2394.0;2195.8
Jul 11, 2017;2282.1;2318.3;2372.8;2183.3
Jul 10, 2017;2318.3;2477.9;2498.1;2240.0
Jul 09, 2017;2478.0;2542.0;2555.6;2473.7
Jul 08, 2017;2542.0;2479.3;2542.6;2436.8
Jul 07, 2017;2479.3;2593.2;2598.0;2447.0
Jul 06, 2017;2593.1;2598.6;2603.3;2546.0
Jul 05, 2017;2598.5;2579.9;2617.6;2482.5
Jul 04, 2017;2582.6;2525.9;2628.0;2512.4
Jul 03, 2017;2524.0;2445.1;2584.0;2416.2
Jul 02, 2017;2445.0;2346.2;2470.0;2302.0
Jul 01, 2017;2349.5;2420.6;2440.9;2291.0
Jun 30, 2017;2420.7;2472.4;2511.1;2406.6
Jun 29, 2017;2470.1;2518.2;2537.0;2424.1
Jun 28, 2017;2518.2;2521.3;2561.1;2403.2
Jun 27, 2017;2521.2;2393.5;2524.0;2208.1
Jun 26, 2017;2394.6;2480.0;2510.4;2258.7
Jun 25, 2017;2477.7;2502.6;2595.0;2369.1
Jun 24, 2017;2502.6;2674.9;2700.0;2454.1
Jun 23, 2017;2674.9;2672.8;2725.3;2652.8
Jun 22, 2017;2672.8;2624.4;2709.0;2554.8
Jun 21, 2017;2621.2;2715.3;2760.0;2573.3
Jun 20, 2017;2712.2;2585.0;2779.6;2568.2
Jun 19, 2017;2580.8;2494.9;2592.7;2481.4
Jun 18, 2017;2491.5;2610.1;2635.0;2421.0
Jun 17, 2017;2610.0;2435.5;2636.9;2368.7
Jun 16, 2017;2437.0;2377.5;2480.0;2261.2
Jun 15, 2017;2377.4;2394.3;2455.0;2050.0
Jun 14, 2017;2395.0;2677.1;2720.0;2284.4
Jun 13, 2017;2676.4;2570.0;2730.0;2532.6
Jun 12, 2017;2571.8;2941.8;2961.9;2298.2
Jun 11, 2017;2936.3;2806.0;3000.0;2793.8
Jun 10, 2017;2806.0;2809.9;2890.5;2750.8
Jun 09, 2017;2809.0;2781.5;2849.8;2769.6
Jun 08, 2017;2782.1;2642.0;2789.3;2570.1
Jun 07, 2017;2642.6;2844.6;2850.0;2600.2
Jun 06, 2017;2843.6;2636.9;2896.5;2620.0
Jun 05, 2017;2636.2;2488.2;2637.5;2480.0
Jun 04, 2017;2488.2;2461.6;2498.0;2376.4
Jun 03, 2017;2461.0;2405.9;2481.0;2348.0
Jun 02, 2017;2405.9;2312.0;2407.8;2271.9
Jun 01, 2017;2311.6;2191.8;2366.7;2187.4
May 31, 2017;2191.8;2147.3;2240.1;2002.1
May 30, 2017;2146.7;2207.4;2263.1;2080.4
May 29, 2017;2207.4;2056.9;2249.8;1990.1
May 28, 2017;2056.6;1980.0;2193.0;1955.5
May 27, 2017;1972.3;2125.9;2207.9;1810.0
May 26, 2017;2127.3;2268.1;2477.0;2008.7
May 25, 2017;2252.0;2392.6;2689.0;2142.1
May 24, 2017;2394.8;2250.0;2443.8;2247.7
May 23, 2017;2249.3;2087.5;2262.9;2060.0
May 22, 2017;2085.5;2026.5;2219.9;1979.2
May 21, 2017;2029.2;2059.3;2099.1;2001.0
May 20, 2017;2059.7;1966.5;2072.2;1963.6
May 19, 2017;1966.5;1941.5;2000.0;1925.0
May 18, 2017;1941.5;1870.0;1949.9;1861.0
May 17, 2017;1870.0;1786.2;1892.9;1766.4
May 16, 2017;1785.7;1772.0;1795.1;1728.0
May 15, 2017;1772.5;1826.8;1828.5;1720.0
May 14, 2017;1828.1;1820.6;1852.4;1780.0
May 13, 2017;1820.4;1735.0;1824.0;1666.0
May 12, 2017;1735.0;1853.9;1864.8;1700.8
May 11, 2017;1853.9;1796.9;1908.0;1766.6
May 10, 2017;1796.8;1759.8;1817.4;1722.3
May 09, 2017;1760.0;1703.5;1813.9;1695.1
May 08, 2017;1703.2;1619.8;1715.0;1618.9
May 07, 2017;1619.9;1597.0;1631.3;1575.1
May 06, 2017;1597.1;1545.1;1605.0;1545.0
May 05, 2017;1545.1;1607.2;1665.5;1511.7
May 04, 2017;1607.1;1619.4;1701.9;1521.1
May 03, 2017;1617.8;1558.5;1626.9;1542.0
May 02, 2017;1560.0;1533.0;1604.6;1479.2
May 01, 2017;1533.1;1435.0;1560.0;1432.0
Apr 30, 2017;1435.2;1425.4;1443.5;1403.3
Apr 29, 2017;1423.6;1415.6;1436.6;1401.5
Apr 28, 2017;1415.6;1440.3;1447.0;1368.3
Apr 27, 2017;1440.3;1399.3;1449.7;1392.5
Apr 26, 2017;1399.3;1371.0;1411.7;1365.1
Apr 25, 2017;1370.3;1345.0;1378.5;1342.1
Apr 24, 2017;1345.0;1355.3;1359.6;1326.9
Apr 23, 2017;1355.2;1346.4;1359.0;1336.0
Apr 22, 2017;1347.5;1327.1;1353.1;1290.1
Apr 21, 2017;1325.6;1308.7;1333.1;1307.5
Apr 20, 2017;1308.4;1260.5;1325.7;1260.1
Apr 19, 2017;1260.5;1265.4;1272.0;1255.0
Apr 18, 2017;1265.4;1240.0;1274.8;1237.0
Apr 17, 2017;1240.0;1212.5;1247.0;1202.2
Apr 16, 2017;1212.0;1193.3;1217.6;1190.4
Apr 15, 2017;1193.3;1206.8;1215.0;1190.0
Apr 14, 2017;1206.8;1187.0;1219.1;1184.0
Apr 13, 2017;1187.0;1227.4;1235.1;1163.5
Apr 12, 2017;1227.4;1236.9;1239.0;1221.0
Apr 11, 2017;1235.6;1220.3;1243.4;1209.1
Apr 10, 2017;1220.3;1215.9;1229.9;1208.1
Apr 09, 2017;1215.9;1188.1;1226.9;1180.2
Apr 08, 2017;1188.1;1196.6;1202.6;1171.3
Apr 07, 2017;1196.6;1191.5;1208.9;1176.7
Apr 06, 2017;1191.5;1140.3;1206.4;1140.3
Apr 05, 2017;1140.6;1145.8;1146.7;1112.3
Apr 04, 2017;1145.0;1150.1;1161.9;1124.1
Apr 03, 2017;1150.2;1107.8;1159.9;1107.8
Apr 02, 2017;1107.6;1093.5;1118.2;1081.0
Apr 01, 2017;1093.2;1081.3;1106.9;1070.2
Mar 31, 2017;1081.7;1042.1;1089.4;1041.0
Mar 30, 2017;1041.0;1041.7;1053.5;1022.2
Mar 29, 2017;1041.8;1044.7;1058.9;1009.3
Mar 28, 2017;1044.7;1042.8;1066.5;1016.8
Mar 27, 2017;1042.7;968.9;1046.9;960.1
Mar 26, 2017;969.0;971.3;1005.5;950.1
Mar 25, 2017;972.2;942.1;980.0;891.0
Mar 24, 2017;943.1;1032.7;1034.2;928.3
Mar 23, 2017;1033.0;1039.4;1055.0;1018.0
Mar 22, 2017;1039.1;1115.9;1116.0;986.3
Mar 21, 2017;1115.0;1040.4;1120.9;1040.1
Mar 20, 2017;1039.0;1016.5;1052.1;1011.2
Mar 19, 2017;1016.1;971.9;1058.9;971.0
Mar 18, 2017;971.0;1067.8;1097.1;935.1
Mar 17, 2017;1068.4;1169.1;1169.6;1066.0
Mar 16, 2017;1169.0;1256.1;1259.7;1132.5
Mar 15, 2017;1256.1;1245.0;1262.0;1241.3
Mar 14, 2017;1245.0;1238.5;1257.9;1218.9
Mar 13, 2017;1238.5;1224.4;1246.9;1207.5
Mar 12, 2017;1225.2;1172.4;1232.6;1167.5
Mar 11, 2017;1172.8;1113.5;1196.1;1107.0
Mar 10, 2017;1113.6;1190.4;1328.8;971.0
Mar 09, 2017;1190.4;1150.0;1207.5;1136.0
Mar 08, 2017;1149.3;1232.4;1243.6;1142.2
Mar 07, 2017;1232.4;1279.2;1281.8;1185.9
Mar 06, 2017;1279.3;1278.4;1287.8;1268.6
Mar 05, 2017;1278.4;1267.8;1279.8;1245.3
Mar 04, 2017;1267.8;1289.1;1291.8;1240.1
Mar 03, 2017;1288.2;1257.6;1294.7;1256.6
Mar 02, 2017;1262.3;1232.9;1283.1;1213.0
Mar 01, 2017;1232.8;1189.1;1233.5;1186.0
Feb 28, 2017;1189.1;1196.0;1216.0;1177.8
Feb 27, 2017;1195.5;1178.3;1202.6;1171.0
Feb 26, 2017;1178.3;1153.0;1185.9;1130.9
Feb 25, 2017;1153.0;1185.4;1189.9;1131.5
Feb 24, 2017;1185.1;1189.9;1222.2;1111.1
Feb 23, 2017;1190.9;1125.5;1196.9;1120.4
Feb 22, 2017;1125.3;1129.6;1140.0;1106.4
Feb 21, 2017;1129.6;1091.3;1134.0;1085.0
Feb 20, 2017;1091.2;1056.2;1100.3;1044.1
Feb 19, 2017;1056.2;1059.8;1066.0;1045.0
Feb 18, 2017;1059.8;1056.2;1071.1;1053.1
Feb 17, 2017;1056.2;1038.5;1065.8;1034.1
Feb 16, 2017;1038.4;1013.9;1045.7;1013.9
Feb 15, 2017;1013.8;1013.3;1017.3;1002.4
Feb 14, 2017;1013.7;996.5;1019.0;988.9
Feb 13, 2017;996.5;996.0;1004.5;975.9
Feb 12, 2017;996.0;1000.1;1005.4;992.3
Feb 11, 2017;1000.3;992.1;1009.0;984.2
Feb 10, 2017;992.0;985.0;1002.0;949.4
Feb 09, 2017;985.0;1049.0;1078.0;936.4
Feb 08, 2017;1048.8;1052.5;1068.0;1013.2
Feb 07, 2017;1052.1;1022.6;1056.3;1021.7
Feb 06, 2017;1022.6;1006.6;1026.2;1006.0
Feb 05, 2017;1006.6;1031.1;1033.0;996.3
Feb 04, 2017;1031.1;1016.8;1040.0;1001.6
Feb 03, 2017;1015.7;1007.0;1020.5;988.3
Feb 02, 2017;1005.7;983.7;1010.5;970.1
Feb 01, 2017;983.7;966.2;985.0;960.1
Jan 31, 2017;966.2;917.4;969.4;916.8
Jan 30, 2017;917.4;912.5;920.8;910.0
Jan 29, 2017;912.6;919.4;923.0;910.7
Jan 28, 2017;919.4;916.7;924.0;915.0
Jan 27, 2017;916.7;915.1;922.2;905.0
Jan 26, 2017;915.1;893.3;917.6;893.3
Jan 25, 2017;893.3;886.1;899.6;884.2
Jan 24, 2017;886.1;908.4;927.0;884.2
Jan 23, 2017;910.0;923.7;928.8;910.0
Jan 22, 2017;923.7;924.0;939.7;892.0
Jan 21, 2017;924.0;895.7;931.0;893.9
Jan 20, 2017;896.0;900.3;904.5;883.3
Jan 19, 2017;900.3;887.6;908.2;884.6
Jan 18, 2017;887.8;904.0;913.8;847.3
Jan 17, 2017;904.0;830.1;910.8;828.0
Jan 16, 2017;830.1;820.7;837.9;814.8
Jan 15, 2017;820.7;815.3;823.0;805.1
Jan 14, 2017;815.3;828.1;838.5;800.7
Jan 13, 2017;828.1;804.6;832.3;776.0
Jan 12, 2017;804.6;779.5;831.2;738.7
Jan 11, 2017;778.6;905.8;922.6;760.0
Jan 10, 2017;905.8;903.0;917.9;895.5
Jan 09, 2017;903.0;915.9;916.1;876.3
Jan 08, 2017;915.9;908.8;942.5;890.0
Jan 07, 2017;908.8;898.5;911.0;816.1
Jan 06, 2017;898.0;1003.8;1025.0;871.0
Jan 05, 2017;1003.2;1139.8;1166.0;865.4
Jan 04, 2017;1139.6;1037.5;1150.0;1036.4
Jan 03, 2017;1037.5;1019.3;1038.7;1013.5
Jan 02, 2017;1019.3;999.2;1034.8;997.3
Jan 01, 2017;999.0;966.6;1006.5;961.3
Dec 31, 2016;966.6;959.2;968.0;945.0
Dec 30, 2016;959.3;974.7;974.7;929.8
Dec 29, 2016;972.6;981.7;983.0;949.0
Dec 28, 2016;981.7;936.4;983.0;936.4
Dec 27, 2016;936.3;906.4;940.0;903.5
Dec 26, 2016;906.4;898.0;920.0;894.2
Dec 25, 2016;898.0;895.2;901.5;858.6
Dec 24, 2016;895.2;919.0;919.8;882.8
Dec 23, 2016;919.0;859.2;920.0;859.0
Dec 22, 2016;859.2;829.3;873.9;825.0
Dec 21, 2016;830.0;798.8;830.5;795.0
Dec 20, 2016;798.0;790.6;802.3;788.0
Dec 19, 2016;790.6;790.2;792.2;788.0
Dec 18, 2016;790.2;791.0;792.8;784.4
Dec 17, 2016;791.0;784.2;793.0;784.2
Dec 16, 2016;784.2;777.4;785.0;775.9
Dec 15, 2016;777.4;774.5;780.1;774.5
Dec 14, 2016;774.5;775.0;781.2;771.2
Dec 13, 2016;775.0;778.0;788.9;763.7
Dec 12, 2016;778.0;770.2;784.1;770.2
Dec 11, 2016;770.2;772.9;773.7;761.8
Dec 10, 2016;772.9;770.5;777.8;770.0
Dec 09, 2016;770.5;765.0;772.7;765.0
Dec 08, 2016;765.0;765.0;773.2;762.7
Dec 07, 2016;765.0;757.2;772.2;749.1
Dec 06, 2016;757.4;750.6;758.5;750.4
Dec 05, 2016;750.6;768.5;769.0;744.6
Dec 04, 2016;768.5;765.5;770.0;760.9
Dec 03, 2016;765.3;774.9;774.9;756.0
Dec 02, 2016;774.9;755.4;779.2;755.2
Dec 01, 2016;755.4;739.0;756.0;738.8
Nov 30, 2016;739.0;731.0;743.1;729.1
Nov 29, 2016;731.0;731.5;733.9;728.7
Nov 28, 2016;731.5;724.9;735.0;724.9
Nov 27, 2016;725.0;731.2;736.2;722.5
Nov 26, 2016;731.2;740.4;741.0;720.0
Nov 25, 2016;740.4;737.7;741.1;730.0
Nov 24, 2016;737.7;742.0;744.3;727.6
Nov 23, 2016;742.0;749.8;750.9;730.8
Nov 22, 2016;750.0;739.0;753.9;733.3
Nov 21, 2016;739.0;729.7;740.6;728.1
Nov 20, 2016;729.7;752.9;757.0;712.0
Nov 19, 2016;752.9;754.0;760.0;740.0
Nov 18, 2016;754.0;740.7;756.9;734.5
Nov 17, 2016;740.7;745.0;762.4;735.0
Nov 16, 2016;745.0;712.2;747.5;710.1
Nov 15, 2016;712.2;707.4;720.0;707.4
Nov 14, 2016;707.4;708.1;709.0;699.0
Oct 31, 2016;704.1;702.5;706.0;688.0
Oct 30, 2016;702.5;714.5;716.6;697.8
Oct 29, 2016;714.5;693.5;724.0;692.3
Oct 28, 2016;693.5;688.7;695.0;681.6
Oct 27, 2016;688.7;678.7;690.6;676.7
Oct 26, 2016;678.7;659.5;685.6;658.5
Oct 25, 2016;659.5;654.7;670.0;652.7
Oct 24, 2016;654.7;659.0;659.0;654.0
Oct 23, 2016;659.0;665.0;671.4;656.0
Oct 22, 2016;665.0;636.7;671.0;635.1
Oct 21, 2016;636.7;632.5;639.0;632.0
Oct 20, 2016;632.5;631.8;633.6;628.0
Oct 19, 2016;631.8;638.7;643.9;627.8
Oct 18, 2016;638.8;639.8;641.7;632.9
Oct 17, 2016;639.8;644.2;644.6;637.8
Oct 16, 2016;644.2;640.2;645.8;639.8
Oct 15, 2016;640.2;643.0;645.7;637.9
Oct 14, 2016;643.0;637.0;645.4;636.7
Oct 13, 2016;637.0;637.6;643.7;636.4
Oct 12, 2016;637.6;641.9;644.1;637.3
Oct 11, 2016;641.7;618.9;646.0;618.1
Oct 10, 2016;618.9;616.6;620.0;615.9
Oct 09, 2016;616.6;620.5;620.9;614.4
Oct 08, 2016;620.5;620.1;622.9;617.9
Oct 07, 2016;620.1;613.5;621.2;613.0
Oct 06, 2016;613.5;614.1;615.9;612.7
Oct 05, 2016;614.1;610.7;617.3;610.0
Oct 04, 2016;611.0;612.7;614.0;609.6
Oct 03, 2016;612.6;609.1;613.2;608.9
Oct 02, 2016;609.1;614.1;614.2;607.0
Oct 01, 2016;614.1;611.1;616.9;611.1
Sep 30, 2016;611.1;604.6;612.9;604.3
Sep 29, 2016;604.6;603.8;607.8;603.2
Sep 28, 2016;603.8;605.5;605.8;603.1
Sep 27, 2016;605.5;609.1;609.9;602.0
Sep 26, 2016;609.1;600.4;610.0;599.9
Sep 25, 2016;600.4;602.5;603.6;597.6
Sep 24, 2016;602.5;603.3;605.8;601.5
Sep 23, 2016;603.3;597.1;604.0;596.0
Sep 22, 2016;597.1;597.4;598.7;596.0
Sep 21, 2016;597.4;600.1;600.1;592.7
Sep 20, 2016;600.0;609.8;612.0;600.0
Sep 19, 2016;609.8;613.0;615.0;608.9
Sep 18, 2016;613.0;607.7;615.9;607.4
Sep 17, 2016;607.7;610.0;610.6;605.0
Sep 16, 2016;610.0;611.8;614.2;609.5
Sep 15, 2016;611.8;613.9;617.3;611.0
Sep 14, 2016;613.9;614.2;617.4;612.0
Sep 13, 2016;614.2;611.6;618.0;610.0
Sep 12, 2016;611.6;612.1;615.2;608.1
Sep 11, 2016;612.1;628.0;635.0;598.0
Sep 10, 2016;628.0;626.3;629.7;624.9
Sep 09, 2016;626.3;631.7;633.5;621.3
Sep 08, 2016;631.7;619.8;636.2;617.8
Sep 07, 2016;619.8;615.1;620.6;610.8
Sep 06, 2016;615.2;611.5;616.7;609.8
Sep 05, 2016;611.5;614.5;615.7;605.7
Sep 04, 2016;614.5;609.9;618.7;604.6
Sep 03, 2016;609.9;579.8;612.4;576.0
Sep 02, 2016;579.8;572.7;581.1;570.6
Sep 01, 2016;572.7;576.2;578.0;571.5
Aug 31, 2016;576.2;579.5;579.5;572.7
Aug 30, 2016;579.5;574.8;580.2;574.2
Aug 29, 2016;574.8;574.2;578.0;573.0
Aug 28, 2016;574.2;568.5;574.4;568.3
Aug 27, 2016;568.5;578.0;578.9;567.2
Aug 26, 2016;578.0;577.2;579.5;575.1
Aug 25, 2016;577.2;580.3;581.1;574.0
Aug 24, 2016;580.3;583.5;586.9;580.0
Aug 23, 2016;583.5;588.0;590.7;581.1
Aug 22, 2016;588.0;581.4;590.0;581.4
Aug 21, 2016;581.4;582.1;584.2;580.0
Aug 20, 2016;582.0;573.5;582.8;571.3
Aug 19, 2016;573.5;572.3;577.2;570.8
Aug 18, 2016;572.2;571.8;578.0;569.7
Aug 17, 2016;571.8;574.2;577.9;569.0
Aug 16, 2016;574.2;564.6;579.0;564.0
Aug 15, 2016;564.6;569.4;574.0;563.0
Aug 14, 2016;569.4;583.7;583.7;564.0
Aug 13, 2016;583.7;585.5;590.0;582.1
Aug 12, 2016;585.5;591.3;593.0;584.0
Aug 11, 2016;591.3;590.5;599.0;587.8
Aug 10, 2016;590.3;604.1;614.5;579.0
Aug 09, 2016;604.1;604.1;604.1;604.1
Aug 08, 2016;604.1;604.1;604.1;604.1
Aug 07, 2016;604.1;604.1;604.1;604.1
Aug 06, 2016;604.1;604.1;604.1;604.1
Aug 05, 2016;604.1;604.1;604.1;604.1
Aug 04, 2016;604.1;604.1;604.1;604.1
Aug 03, 2016;604.1;604.1;604.1;604.1
Aug 02, 2016;604.0;608.3;615.3;595.0
Aug 01, 2016;608.0;622.7;627.3;605.0
Jul 31, 2016;623.7;655.0;655.1;621.3
Jul 30, 2016;655.0;658.3;660.5;651.8
Jul 29, 2016;658.3;657.0;660.4;654.5
Jul 27, 2016;654.5;648.5;657.1;646.6
Jul 26, 2016;648.5;654.2;657.6;640.6
Jul 25, 2016;654.2;661.8;664.4;650.0
Jul 24, 2016;661.8;654.0;664.1;650.5
Jul 23, 2016;654.0;648.0;657.1;645.0
Jul 22, 2016;648.0;665.0;668.0;640.0
Jul 21, 2016;665.0;665.8;668.0;657.6
Jul 20, 2016;665.8;675.0;676.0;661.3
Jul 19, 2016;675.0;674.3;676.6;666.3
Jul 18, 2016;674.3;683.2;686.0;666.5
Jul 17, 2016;683.2;665.3;689.7;663.6
Jul 16, 2016;665.3;665.5;669.6;659.1
Jul 15, 2016;665.5;659.8;669.6;658.2
Jul 14, 2016;659.8;653.7;666.0;650.0
Jul 13, 2016;653.7;667.1;669.9;652.5
Jul 12, 2016;667.2;648.0;678.0;645.6
Jul 11, 2016;648.0;649.7;662.5;643.4
Jul 10, 2016;649.7;648.1;651.5;636.9
Jul 09, 2016;648.1;664.8;664.8;624.0
Jul 08, 2016;664.8;640.5;666.6;634.0
Jul 07, 2016;640.5;677.4;682.0;610.1
Jul 06, 2016;677.0;667.8;682.6;667.0
Jul 05, 2016;667.8;681.3;682.7;659.3
Jul 04, 2016;681.3;659.3;684.2;644.5
Jul 03, 2016;659.3;706.0;707.0;644.4
Jul 02, 2016;705.0;674.8;705.3;673.4
Jul 01, 2016;674.8;674.7;690.6;667.6
Jun 30, 2016;674.7;640.0;677.5;635.6
Jun 29, 2016;639.7;646.6;646.6;622.0
Jun 28, 2016;646.3;662.2;664.3;633.0
Jun 27, 2016;662.2;627.4;662.2;617.3
Jun 26, 2016;627.4;664.9;667.9;614.3
Jun 25, 2016;664.9;665.5;698.0;642.8
Jun 24, 2016;666.0;625.8;680.0;625.8
Jun 23, 2016;625.8;605.6;638.2;555.6
Jun 22, 2016;606.0;669.0;688.2;588.9
Jun 21, 2016;668.9;705.8;715.8;668.9
Jun 20, 2016;743.9;767.3;767.7;724.3
Jun 19, 2016;767.3;757.6;771.9;740.0
Jun 18, 2016;757.6;748.7;789.7;721.6
Jun 17, 2016;748.7;769.5;780.0;703.1
Jun 16, 2016;769.5;697.0;778.5;697.0
Jun 15, 2016;696.9;684.5;699.1;669.2
Jun 14, 2016;684.5;705.9;705.9;656.5
Jun 13, 2016;705.9;672.0;719.0;659.9
Jun 12, 2016;671.0;614.6;685.0;607.0
Jun 11, 2016;614.5;580.1;615.0;579.3
Jun 10, 2016;580.1;575.5;582.4;572.5
Jun 09, 2016;575.5;583.0;583.7;570.0
Jun 08, 2016;583.0;576.9;585.0;571.1
Jun 07, 2016;576.9;585.2;592.1;561.3
Jun 06, 2016;585.2;574.0;588.5;574.0
Jun 05, 2016;574.0;572.9;586.0;565.2
Jun 04, 2016;572.7;570.9;593.7;561.5
Jun 03, 2016;570.9;538.8;579.0;535.8
Jun 02, 2016;538.8;536.8;543.7;532.4
Jun 01, 2016;536.8;530.7;546.1;523.8
May 31, 2016;530.7;532.9;546.5;518.0
May 30, 2016;532.9;531.0;548.4;521.1
May 29, 2016;531.0;527.0;567.0;512.5
May 28, 2016;527.0;472.0;541.0;471.0
May 27, 2016;472.0;454.0;482.3;453.6
May 26, 2016;454.0;449.1;454.7;446.0
May 25, 2016;449.1;445.0;450.4;443.0
May 24, 2016;445.0;443.5;447.8;442.4
May 23, 2016;443.7;437.5;444.4;436.5
May 22, 2016;437.5;440.8;441.0;435.1
May 21, 2016;440.8;441.6;442.2;437.0
May 20, 2016;441.6;434.5;443.1;433.0
May 19, 2016;435.0;453.5;454.7;433.0
May 18, 2016;453.5;453.2;456.9;451.5
May 17, 2016;453.2;453.0;454.9;451.0
May 16, 2016;453.0;457.9;459.0;451.0
May 15, 2016;457.9;455.8;460.7;454.7
May 14, 2016;455.8;455.8;458.5;454.1
May 13, 2016;455.8;455.0;457.5;452.0
May 12, 2016;455.0;452.3;456.1;445.9
May 11, 2016;452.3;450.7;454.7;450.0
May 10, 2016;450.7;461.6;464.0;446.2
May 09, 2016;461.6;459.9;465.4;457.8
May 08, 2016;459.9;460.2;461.6;456.0
May 07, 2016;460.2;461.2;463.0;458.3
May 06, 2016;461.2;448.4;465.0;448.0
May 05, 2016;448.4;447.4;450.4;446.1
May 04, 2016;447.4;450.4;451.0;445.1
May 03, 2016;450.4;443.7;452.0;440.1
May 02, 2016;443.7;451.1;452.5;436.0
May 01, 2016;451.1;446.6;453.0;445.7
Apr 30, 2016;446.6;455.3;456.0;445.1
Apr 29, 2016;455.3;450.5;457.4;445.8
Apr 28, 2016;450.5;444.9;450.8;435.0
Apr 27, 2016;445.1;468.1;469.7;443.4
Apr 26, 2016;468.1;461.8;472.0;461.8
Apr 25, 2016;461.8;463.0;471.6;455.0
Apr 24, 2016;463.0;453.7;465.0;450.2
Apr 23, 2016;453.7;447.8;454.6;445.7
Apr 22, 2016;447.8;452.3;453.1;444.5
Apr 21, 2016;452.0;443.9;454.5;442.3
Apr 20, 2016;444.0;437.8;446.5;436.6
Apr 19, 2016;437.8;430.0;439.0;428.5
Apr 18, 2016;430.0;428.5;430.9;426.5
Apr 17, 2016;428.5;432.5;433.5;426.4
Apr 16, 2016;432.0;431.5;435.7;430.5
Apr 15, 2016;431.5;426.0;432.4;426.0
Apr 14, 2016;426.0;424.8;426.4;424.0
Apr 13, 2016;424.8;426.6;427.7;423.0
Apr 12, 2016;426.6;423.7;430.0;423.7
Apr 11, 2016;423.7;421.3;423.9;418.8
Apr 10, 2016;421.3;418.5;422.8;417.5
Apr 09, 2016;418.5;418.5;418.8;412.0
Apr 08, 2016;418.5;422.3;424.5;415.5
Apr 07, 2016;422.3;422.6;422.9;417.8
Apr 06, 2016;422.6;423.8;424.5;421.7
Apr 05, 2016;423.8;420.5;424.6;419.6
Apr 04, 2016;420.5;420.6;421.2;416.3
Apr 03, 2016;420.6;420.3;421.7;417.6
Apr 02, 2016;420.3;417.9;422.8;417.5
Apr 01, 2016;417.6;416.0;417.6;414.0
Mar 31, 2016;416.0;413.2;418.3;413.0
Mar 30, 2016;413.2;416.0;416.0;408.6
Mar 29, 2016;415.8;424.1;426.4;407.5
Mar 28, 2016;424.1;427.4;428.0;422.4
Mar 27, 2016;427.4;416.7;431.0;415.8
Mar 26, 2016;416.7;416.0;418.7;414.5
Mar 25, 2016;416.0;415.3;417.0;413.0
Mar 24, 2016;415.3;418.1;418.1;414.0
Mar 23, 2016;418.1;417.7;419.7;415.8
Mar 22, 2016;417.7;411.9;418.7;409.9
Mar 21, 2016;411.9;411.3;412.1;406.0
Mar 20, 2016;411.3;408.4;413.0;407.9
Mar 19, 2016;408.4;407.7;410.7;404.0
Mar 18, 2016;407.7;418.8;418.9;403.0
Mar 17, 2016;418.8;417.3;420.6;416.7
Mar 16, 2016;417.3;415.5;418.0;414.0
Mar 15, 2016;415.5;415.9;418.8;412.8
Mar 14, 2016;416.0;411.9;417.9;411.8
Mar 13, 2016;411.8;410.0;416.0;410.0
Mar 12, 2016;410.0;420.5;421.8;406.5
Mar 11, 2016;420.5;416.5;423.6;415.5
Mar 10, 2016;416.5;413.0;417.2;410.7
Mar 09, 2016;412.9;411.4;414.5;407.8
Mar 08, 2016;411.4;412.6;415.9;406.0
Mar 07, 2016;412.7;403.8;415.3;401.6
Mar 06, 2016;403.9;397.4;409.5;392.0
Mar 05, 2016;397.4;408.8;410.1;389.7
Mar 04, 2016;408.8;420.6;424.0;407.7
Mar 03, 2016;420.6;422.1;424.4;416.4
Mar 02, 2016;422.2;434.8;436.3;421.1
Mar 01, 2016;434.8;439.2;442.8;428.5
Feb 29, 2016;439.2;434.5;444.8;430.5
Feb 28, 2016;434.5;434.2;437.8;422.1
Feb 27, 2016;434.2;435.5;438.0;431.8
Feb 26, 2016;435.3;424.9;435.3;420.0
Feb 25, 2016;424.9;426.4;430.0;419.5
Feb 24, 2016;426.4;421.4;427.5;410.7
Feb 23, 2016;421.1;440.3;442.6;416.3
Feb 22, 2016;440.3;440.5;442.5;433.4
Feb 21, 2016;440.5;438.7;451.2;428.3
Feb 20, 2016;438.7;419.8;445.0;419.7
Feb 19, 2016;420.0;421.5;422.5;412.0
Feb 18, 2016;421.5;414.9;426.0;413.1
Feb 17, 2016;414.9;407.3;421.7;405.3
Feb 16, 2016;407.3;399.9;408.8;398.7
Feb 15, 2016;399.9;408.3;412.5;395.4
Feb 14, 2016;408.3;393.0;408.7;393.0
Feb 13, 2016;393.0;382.9;393.0;382.6
Feb 12, 2016;383.0;378.0;383.5;377.1
Feb 11, 2016;378.0;380.9;383.0;372.3
Feb 10, 2016;380.9;374.3;386.5;373.1
Feb 09, 2016;374.0;370.5;377.6;370.3
Feb 08, 2016;370.5;372.0;376.7;369.1
Feb 07, 2016;372.0;373.7;377.8;369.2
Feb 06, 2016;373.8;386.5;386.5;366.4
Feb 05, 2016;386.5;389.8;392.6;384.5
Feb 04, 2016;389.8;369.0;393.9;368.6
Feb 03, 2016;369.0;372.9;374.0;366.0
Feb 02, 2016;372.9;371.4;374.8;369.9
Feb 01, 2016;371.4;365.5;379.0;363.3
Jan 31, 2016;365.5;377.0;378.9;362.6
Jan 30, 2016;377.0;377.6;380.5;374.0
Jan 29, 2016;377.6;378.4;385.3;360.2
Jan 28, 2016;378.4;394.7;395.5;375.6
Jan 27, 2016;395.0;391.3;397.0;389.7
Jan 26, 2016;391.3;391.0;398.0;387.5
Jan 25, 2016;391.0;402.8;402.8;384.0
Jan 24, 2016;402.8;385.6;407.0;385.1
Jan 23, 2016;385.6;381.0;394.0;379.9
Jan 22, 2016;381.0;411.0;411.2;371.3
Jan 21, 2016;411.0;419.5;424.6;405.0
Jan 20, 2016;419.4;378.9;428.0;375.0
Jan 19, 2016;379.0;387.0;388.4;377.4
Jan 18, 2016;387.0;382.0;389.4;375.1
Jan 17, 2016;382.1;388.4;392.8;378.8
Jan 16, 2016;388.4;359.0;392.4;353.2
Jan 15, 2016;358.9;429.3;429.4;358.0
Jan 14, 2016;429.3;431.1;434.9;426.0
Jan 13, 2016;431.1;432.0;436.4;416.4
Jan 12, 2016;432.0;449.3;449.6;429.3
Jan 11, 2016;449.3;449.4;452.5;443.6
Jan 10, 2016;449.4;449.2;450.3;441.0
Jan 09, 2016;449.2;454.0;456.0;447.5
Jan 08, 2016;454.0;458.8;465.0;446.8
Jan 07, 2016;459.0;428.9;461.9;427.1
Jan 06, 2016;428.0;431.8;432.2;425.0
Jan 05, 2016;431.8;432.9;434.9;428.2
Jan 04, 2016;432.9;428.6;435.7;427.0
Jan 03, 2016;428.7;432.7;433.1;422.0
Jan 02, 2016;432.7;434.0;435.8;430.0
Jan 01, 2016;434.0;429.0;436.5;426.3
Dec 31, 2015;429.0;424.7;432.6;412.5
Dec 30, 2015;424.7;431.8;434.0;420.0
Dec 29, 2015;431.9;420.1;432.2;418.0
Dec 28, 2015;420.2;422.3;429.0;417.0
Dec 27, 2015;422.4;416.5;424.9;407.0
Dec 26, 2015;416.5;455.5;459.3;405.5
Dec 25, 2015;455.5;456.1;460.0;445.9
Dec 24, 2015;456.1;442.6;459.0;442.5
Dec 23, 2015;442.6;435.6;445.8;434.6
Dec 22, 2015;435.6;437.5;443.6;433.5
Dec 21, 2015;437.9;442.6;445.9;424.9
Dec 20, 2015;442.6;462.4;462.7;431.8
Dec 19, 2015;462.5;463.5;467.0;452.8
Dec 18, 2015;463.5;455.6;466.6;452.0
Dec 17, 2015;455.8;455.0;458.5;446.3
Dec 16, 2015;455.0;466.0;467.0;440.0
Dec 15, 2015;466.5;442.6;467.0;442.5
Dec 14, 2015;442.6;432.5;448.1;427.6
Dec 13, 2015;433.0;435.6;443.8;418.3
Dec 12, 2015;435.7;457.0;475.0;404.4
Dec 11, 2015;456.3;414.9;457.0;414.8
Dec 10, 2015;414.9;418.7;421.0;411.2
Dec 09, 2015;418.7;422.0;426.0;406.5
Dec 08, 2015;420.8;396.7;421.4;388.4
Dec 07, 2015;396.7;390.6;403.8;384.9
Dec 06, 2015;390.6;390.0;406.8;386.0
Dec 05, 2015;390.0;363.2;394.0;362.2
Dec 04, 2015;363.2;360.5;364.4;354.3
Dec 03, 2015;360.7;359.1;371.1;352.9
Dec 02, 2015;359.1;362.7;363.1;346.2
Dec 01, 2015;362.7;376.9;380.0;353.2
Nov 30, 2015;376.9;373.9;384.5;370.0
Nov 29, 2015;373.3;358.6;376.0;355.6
Nov 28, 2015;358.7;358.9;362.1;351.2
Nov 27, 2015;358.9;354.0;366.7;348.2
Nov 26, 2015;354.0;329.9;369.1;329.4
Nov 25, 2015;329.9;320.1;331.0;316.0
Nov 24, 2015;320.1;323.6;323.8;315.8
Nov 23, 2015;323.6;324.7;327.0;320.9
Nov 22, 2015;324.7;327.8;327.9;320.4
Nov 21, 2015;327.5;322.2;329.0;319.0
Nov 20, 2015;322.2;326.5;326.8;309.5
Nov 19, 2015;326.5;335.9;336.4;324.5
Nov 18, 2015;336.0;336.3;338.8;328.1
Nov 17, 2015;336.3;332.1;342.5;331.0
Nov 16, 2015;332.1;320.5;335.0;315.2
Nov 15, 2015;321.1;333.4;336.4;315.0
Nov 14, 2015;333.4;338.5;340.7;329.0
Nov 13, 2015;338.5;337.6;343.6;326.2
Nov 12, 2015;336.6;314.3;346.2;314.1
Nov 11, 2015;314.0;340.2;343.6;300.8
Nov 10, 2015;340.2;381.1;383.4;327.0
Nov 09, 2015;381.0;374.1;388.8;360.9
Nov 08, 2015;374.0;384.9;390.3;365.7
Nov 07, 2015;384.6;375.6;392.2;371.7
Nov 06, 2015;375.6;387.9;396.7;351.5
Nov 05, 2015;388.0;409.2;449.1;371.0
Nov 04, 2015;409.2;405.0;503.4;366.7
Nov 03, 2015;405.3;365.3;423.9;361.9
Nov 02, 2015;365.0;330.2;372.5;326.8
Nov 01, 2015;330.7;316.0;333.5;313.6
Oct 31, 2015;316.0;328.2;335.4;307.2
Oct 30, 2015;328.2;314.9;336.0;313.8
Oct 29, 2015;314.9;304.5;321.1;301.5
Oct 28, 2015;304.5;295.3;308.0;295.3
Oct 27, 2015;295.2;287.2;298.7;287.1
Oct 26, 2015;287.2;284.7;287.9;282.3
Oct 25, 2015;284.8;284.2;296.0;281.2
Oct 24, 2015;284.2;279.2;284.5;279.0
Oct 23, 2015;279.2;275.8;280.9;275.1
Oct 22, 2015;275.8;267.8;280.0;267.3
Oct 21, 2015;267.8;271.0;272.3;264.1
Oct 20, 2015;271.0;265.1;273.9;264.5
Oct 19, 2015;265.0;265.0;268.3;262.4
Oct 18, 2015;265.0;272.9;274.6;263.3
Oct 17, 2015;272.9;263.5;275.1;258.3
Oct 16, 2015;263.5;255.2;267.8;254.9
Oct 15, 2015;255.2;253.5;257.5;253.4
Oct 14, 2015;253.5;251.3;255.9;250.1
Oct 13, 2015;251.3;246.2;253.4;244.1
Oct 12, 2015;246.1;248.0;248.4;245.4
Oct 11, 2015;247.9;246.0;248.7;244.8
Oct 10, 2015;246.0;244.8;246.4;243.6
Oct 09, 2015;244.8;243.0;245.4;242.6
Oct 08, 2015;243.0;244.0;245.6;242.6
Oct 07, 2015;244.2;247.4;247.9;243.5
Oct 06, 2015;247.4;242.0;249.0;241.5
Oct 05, 2015;242.0;239.5;242.7;237.2
Oct 04, 2015;239.5;239.8;240.9;239.3
Oct 03, 2015;239.8;237.9;241.1;237.7
Oct 02, 2015;237.9;238.5;240.0;237.3
Oct 01, 2015;238.5;236.5;240.1;236.2
Sep 30, 2015;236.5;236.8;238.8;235.1
Sep 29, 2015;236.8;240.4;241.5;236.6
Sep 28, 2015;240.4;233.4;241.4;233.4
Sep 27, 2015;233.4;234.6;234.8;233.1
Sep 26, 2015;234.6;235.3;235.9;233.8
Sep 25, 2015;235.3;234.6;237.6;233.1
Sep 24, 2015;234.6;230.5;236.3;230.5
Sep 23, 2015;230.5;231.1;233.0;230.0
Sep 22, 2015;231.3;227.2;233.3;224.5
Sep 21, 2015;227.2;232.1;233.0;226.4
Sep 20, 2015;232.1;232.1;233.2;231.4
Sep 19, 2015;232.1;233.8;234.2;231.4
Sep 18, 2015;233.8;233.6;236.2;232.5
Sep 17, 2015;233.6;229.0;235.7;229.0
Sep 16, 2015;229.0;230.9;232.1;227.4
Sep 15, 2015;230.9;230.9;232.9;229.5
Sep 14, 2015;230.9;231.0;233.8;228.4
Sep 13, 2015;231.0;235.8;236.9;228.9
Sep 12, 2015;235.8;240.6;241.0;235.3
Sep 11, 2015;240.6;239.5;242.9;239.4
Sep 10, 2015;239.5;238.9;241.9;237.0
Sep 09, 2015;238.9;244.2;245.6;238.5
Sep 08, 2015;244.2;240.9;247.7;240.3
Sep 07, 2015;240.9;241.0;243.0;239.0
Sep 06, 2015;241.0;235.8;246.5;235.5
Sep 05, 2015;235.8;230.9;239.7;230.0
Sep 04, 2015;230.9;227.3;231.6;227.1
Sep 03, 2015;227.3;229.7;229.9;226.2
Sep 02, 2015;229.7;228.2;231.8;226.5
Sep 01, 2015;228.2;231.4;232.3;226.6
Aug 31, 2015;231.4;230.0;233.7;225.3
Aug 30, 2015;230.0;230.8;233.5;225.8
Aug 29, 2015;230.8;231.8;233.9;227.2
Aug 28, 2015;231.8;225.8;237.3;220.1
Aug 27, 2015;225.8;226.1;229.2;224.0
Aug 26, 2015;226.2;222.7;232.2;220.1
Aug 25, 2015;222.7;210.5;227.9;198.0
Aug 24, 2015;210.5;228.1;228.6;208.5
Aug 23, 2015;228.5;230.3;232.9;225.6
Aug 22, 2015;230.3;232.2;234.6;222.0
Aug 21, 2015;232.2;235.5;236.4;230.5
Aug 20, 2015;235.5;226.3;237.8;226.3
Aug 19, 2015;226.2;194.0;239.4;194.0
Aug 18, 2015;183.0;258.5;258.5;171.0
Aug 17, 2015;258.5;259.9;262.0;257.5
Aug 16, 2015;259.9;262.2;262.9;256.5
Aug 15, 2015;262.1;266.3;267.8;261.0
Aug 14, 2015;266.1;264.5;268.9;262.1
Aug 13, 2015;264.5;267.1;268.0;263.3
Aug 12, 2015;267.1;272.0;273.8;265.8
Aug 11, 2015;272.0;265.1;272.0;264.8
Aug 10, 2015;265.1;265.6;267.7;262.2
Aug 09, 2015;265.6;261.3;267.6;260.7
Aug 08, 2015;261.3;280.2;280.3;260.6
Aug 07, 2015;280.1;279.1;281.0;276.1
Aug 06, 2015;279.1;282.6;282.6;278.1
Aug 05, 2015;282.6;285.5;285.9;281.6
Aug 04, 2015;285.5;281.3;285.9;281.3
Aug 03, 2015;281.3;282.4;287.0;279.7
Aug 02, 2015;282.5;280.3;283.3;276.3
Aug 01, 2015;280.3;284.5;285.0;276.5
Jul 31, 2015;284.5;288.2;289.9;282.0
Jul 30, 2015;288.2;289.9;291.0;285.0
Jul 29, 2015;289.9;295.2;295.4;286.6
Jul 28, 2015;295.2;294.8;298.9;293.6
Jul 27, 2015;294.8;293.0;298.7;286.0
Jul 26, 2015;293.0;289.4;294.5;288.1
Jul 25, 2015;289.4;288.6;292.4;286.4
Jul 24, 2015;288.6;276.5;289.9;276.0
Jul 23, 2015;276.5;278.0;278.4;275.6
Jul 22, 2015;278.0;275.8;278.4;274.5
Jul 21, 2015;275.8;280.2;282.1;275.3
Jul 20, 2015;280.3;275.0;280.5;273.5
Jul 19, 2015;275.0;277.3;279.2;274.7
Jul 18, 2015;277.3;279.9;283.3;276.1
Jul 17, 2015;279.9;278.9;281.5;272.1
Jul 16, 2015;278.9;285.4;294.3;275.2
Jul 15, 2015;285.4;286.9;294.4;283.5
Jul 14, 2015;286.9;292.6;297.1;286.1
Jul 13, 2015;292.6;311.1;312.0;284.5
Jul 12, 2015;311.1;300.6;316.0;300.5
Jul 10, 2015;286.7;269.2;292.7;268.6
Jul 09, 2015;269.2;270.0;272.8;268.0
Jul 08, 2015;270.8;269.5;271.4;267.4
Jul 07, 2015;265.5;268.8;268.9;263.3
Jul 06, 2015;274.8;270.1;276.5;268.1
Jul 05, 2015;265.2;260.6;265.3;258.0
Jul 04, 2015;260.6;256.1;261.9;253.6
Jul 03, 2015;256.0;254.5;256.9;252.1
Jul 02, 2015;254.5;258.1;262.6;253.0
Jul 01, 2015;258.1;262.9;264.8;253.5
Jun 30, 2015;262.9;256.7;268.9;254.7
Jun 29, 2015;256.7;248.7;257.7;248.6
Jun 28, 2015;248.7;251.6;252.1;247.3
Jun 27, 2015;251.6;243.3;251.8;242.6
Jun 26, 2015;243.3;242.1;243.9;240.6
Jun 25, 2015;242.1;239.8;243.0;239.5
Jun 24, 2015;239.8;244.3;244.3;239.5
Jun 23, 2015;244.3;246.7;247.4;242.3
Jun 22, 2015;246.7;244.3;248.0;243.5
Jun 21, 2015;244.3;245.4;245.7;241.1
Jun 20, 2015;245.4;244.6;245.9;240.1
Jun 19, 2015;244.6;249.5;252.1;243.7
Jun 18, 2015;249.5;248.9;253.7;243.0
Jun 17, 2015;248.9;252.1;259.1;246.1
Jun 16, 2015;252.1;237.0;253.9;236.0
Jun 15, 2015;237.0;233.5;238.2;233.4
Jun 14, 2015;233.5;232.9;235.4;232.5
Jun 13, 2015;232.9;229.4;233.5;228.4
Jun 12, 2015;229.4;230.0;231.3;229.1
Jun 11, 2015;229.8;228.6;230.7;228.6
Jun 10, 2015;228.6;229.1;229.9;227.5
Jun 09, 2015;229.1;228.8;232.0;227.8
Jun 08, 2015;228.8;223.3;230.6;223.3
Jun 07, 2015;223.3;225.7;226.7;222.3
Jun 06, 2015;225.6;224.5;226.9;223.9
Jun 05, 2015;224.5;223.2;229.2;222.7
Jun 04, 2015;223.2;225.1;225.8;222.6
Jun 03, 2015;225.1;224.7;227.0;222.3
Jun 02, 2015;224.7;222.0;226.0;221.0
Jun 01, 2015;222.0;228.7;230.9;219.8
May 31, 2015;228.7;232.5;232.7;227.1
May 30, 2015;232.5;236.5;236.7;230.7
May 29, 2015;236.5;236.9;237.2;235.0
May 28, 2015;236.9;236.9;237.5;235.9
May 27, 2015;236.9;237.4;239.3;235.6
May 26, 2015;237.4;237.1;238.5;235.3
May 25, 2015;237.1;241.0;241.1;236.1
May 24, 2015;240.9;238.8;243.0;238.6
May 23, 2015;238.8;241.0;241.2;237.6
May 22, 2015;241.0;235.3;241.8;234.6
May 21, 2015;235.3;234.2;236.5;233.9
May 20, 2015;234.2;231.7;235.2;231.6
May 19, 2015;231.7;232.8;235.7;231.2
May 18, 2015;232.8;236.1;237.3;229.0
May 17, 2015;236.2;235.7;238.0;235.6
May 16, 2015;235.7;237.3;237.6;234.0
May 15, 2015;237.3;236.7;238.9;233.9
May 14, 2015;236.7;235.7;238.2;232.1
May 13, 2015;235.8;241.9;245.0;234.3
May 12, 2015;241.8;242.5;244.4;240.9
May 11, 2015;242.5;240.7;245.5;238.5
May 10, 2015;240.6;242.5;245.9;238.8
May 09, 2015;242.5;244.5;249.1;240.1
May 08, 2015;244.5;237.3;248.5;236.2
May 07, 2015;237.3;229.3;239.8;227.8
May 06, 2015;229.3;235.9;236.8;227.3
May 05, 2015;235.9;238.5;239.4;231.1
May 04, 2015;238.5;240.6;243.6;237.0
May 03, 2015;240.7;234.8;243.7;235.7
May 02, 2015;234.8;231.8;235.8;231.8
May 01, 2015;231.8;236.1;239.2;231.3
Apr 30, 2015;236.1;225.2;240.2;224.6
Apr 29, 2015;225.2;225.3;227.8;222.7
Apr 28, 2015;225.3;227.1;228.1;222.2
Apr 27, 2015;227.7;219.7;232.0;218.2
Apr 26, 2015;219.7;226.1;221.5;214.0
Apr 25, 2015;226.1;231.4;232.7;225.8
Apr 24, 2015;231.4;236.0;236.2;228.7
Apr 23, 2015;236.0;234.1;237.0;233.0
Apr 22, 2015;234.1;237.0;239.0;232.4
Apr 21, 2015;235.8;224.2;236.2;224.2
Apr 20, 2015;224.2;222.2;227.0;221.5
Apr 19, 2015;222.2;223.1;226.8;222.1
Apr 18, 2015;223.1;222.4;224.2;219.9
Apr 17, 2015;222.4;228.5;229.0;219.6
Apr 16, 2015;228.5;224.0;230.0;223.0
Apr 15, 2015;224.0;220.2;224.0;219.0
Apr 14, 2015;220.2;225.0;225.8;216.4
Apr 13, 2015;225.0;236.4;237.7;220.3
Apr 12, 2015;236.4;236.9;238.7;232.8
Apr 11, 2015;236.9;236.1;240.0;233.8
Apr 10, 2015;236.1;243.6;243.7;230.8
Apr 09, 2015;243.6;244.9;246.8;236.5
Apr 08, 2015;244.9;253.7;255.0;243.1
Apr 07, 2015;253.7;255.6;257.9;253.0
Apr 06, 2015;255.6;260.5;262.4;253.7
Apr 05, 2015;260.5;253.6;261.3;251.6
Apr 04, 2015;253.6;254.2;255.7;250.4
Apr 03, 2015;254.2;253.2;256.4;250.7
Apr 02, 2015;253.2;246.9;254.9;244.6
Apr 01, 2015;246.9;244.5;248.5;239.5
Mar 31, 2015;244.3;247.9;248.8;242.0
Mar 30, 2015;247.9;242.7;248.7;246.9
Mar 29, 2015;242.4;252.9;250.0;239.5
Mar 28, 2015;252.9;246.5;255.4;246.5
Mar 27, 2015;246.5;249.2;250.4;245.3
Mar 26, 2015;249.2;246.3;255.0;246.3
Mar 25, 2015;245.9;246.0;250.0;235.7
Mar 24, 2015;246.0;267.2;268.4;241.5
Mar 23, 2015;267.2;268.8;271.5;262.0
Mar 22, 2015;268.8;260.5;270.8;259.8
Mar 21, 2015;260.5;262.2;263.0;255.5
Mar 20, 2015;262.2;262.0;267.0;259.4
Mar 19, 2015;261.9;257.3;267.9;248.1
Mar 18, 2015;257.3;285.1;285.2;249.0
Mar 17, 2015;285.3;291.2;292.8;283.0
Mar 16, 2015;291.2;286.9;295.1;289.3
Mar 15, 2015;286.9;282.6;287.8;283.4
Mar 14, 2015;282.6;283.2;287.5;281.4
Mar 13, 2015;283.3;295.5;295.9;282.1
Mar 12, 2015;295.6;296.7;298.8;292.4
Mar 11, 2015;296.7;292.6;298.7;291.1
Mar 10, 2015;292.7;291.0;303.8;290.0
Mar 09, 2015;291.0;275.6;295.0;279.0
Mar 08, 2015;275.6;277.0;278.7;272.0
Mar 07, 2015;277.0;273.4;280.0;270.6
Mar 06, 2015;273.2;277.7;277.9;269.7
Mar 05, 2015;277.7;273.3;284.5;262.9
Mar 04, 2015;273.3;283.8;286.0;267.4
Mar 03, 2015;283.8;277.3;290.3;268.0
Mar 02, 2015;277.3;262.4;279.6;259.2
Mar 01, 2015;262.4;255.7;266.0;245.8
Feb 28, 2015;255.7;255.1;257.4;251.3
Feb 27, 2015;255.0;236.9;262.6;236.6
Feb 26, 2015;236.9;238.0;238.3;233.8
Feb 25, 2015;238.0;239.7;240.8;235.6
Feb 24, 2015;239.7;239.4;241.0;236.7
Feb 23, 2015;239.4;236.5;241.0;232.6
Feb 22, 2015;236.5;245.5;247.8;232.4
Feb 21, 2015;245.6;244.5;247.7;243.3
Feb 20, 2015;244.5;240.0;248.3;238.9
Feb 19, 2015;240.2;236.3;243.4;235.0
Feb 18, 2015;236.3;244.0;245.0;231.7
Feb 17, 2015;244.0;233.5;246.3;231.5
Feb 16, 2015;233.6;235.9;243.3;229.0
Feb 15, 2015;235.9;257.0;268.3;228.2
Feb 14, 2015;257.2;236.1;261.2;235.5
Feb 13, 2015;236.1;222.6;242.5;221.5
Feb 12, 2015;222.4;220.0;223.2;217.8
Feb 11, 2015;219.8;221.4;223.3;218.1
Feb 10, 2015;220.9;221.1;222.0;215.0
Feb 09, 2015;221.1;224.0;225.0;216.4
Feb 08, 2015;224.0;229.2;231.6;220.0
Feb 07, 2015;229.0;223.2;230.5;222.7
Feb 06, 2015;223.2;216.8;226.6;216.0
Feb 05, 2015;216.8;227.1;228.9;215.0
Feb 04, 2015;227.1;228.8;231.0;221.5
Feb 03, 2015;228.6;237.0;243.9;225.3
Feb 02, 2015;237.8;228.4;240.1;220.9
Feb 01, 2015;229.0;218.7;233.8;210.0
Jan 31, 2015;218.4;229.0;234.7;217.1
Jan 30, 2015;229.1;235.0;244.6;227.9
Jan 29, 2015;235.0;235.9;242.0;221.1
Jan 28, 2015;236.1;264.0;266.0;228.5
Jan 27, 2015;263.6;274.7;278.5;244.0
Jan 26, 2015;274.5;262.8;322.7;241.4
Jan 25, 2015;254.5;248.0;256.3;245.3
Jan 24, 2015;240.0;215.0;250.6;215.0
Jan 23, 2015;235.0;230.0;235.0;215.0
Jan 22, 2015;226.3;245.5;257.7;216.6
Jan 21, 2015;225.5;219.0;225.5;219.0
Jan 20, 2015;218.0;215.0;218.0;208.0
Jan 19, 2015;213.2;211.2;216.2;208.8
Jan 18, 2015;209.9;202.9;218.3;197.1
Jan 17, 2015;201.2;207.2;211.0;198.2
Jan 16, 2015;206.7;216.0;225.0;200.0
Jan 15, 2015;217.7;181.1;234.5;176.5
Jan 14, 2015;183.2;230.3;230.5;164.9
Jan 13, 2015;229.8;267.3;267.6;222.5
Jan 12, 2015;267.6;267.2;281.0;265.5
Jan 11, 2015;266.2;274.8;280.0;265.0
Jan 10, 2015;275.0;292.4;292.4;271.0
Jan 09, 2015;292.8;285.4;295.6;283.0
Jan 08, 2015;285.6;296.2;296.2;285.6
Jan 07, 2015;297.0;286.1;303.8;285.0
Jan 06, 2015;285.4;273.2;287.8;268.5
Jan 05, 2015;273.2;261.0;276.5;260.5
Jan 04, 2015;258.8;282.0;288.9;258.8
Jan 03, 2015;282.0;314.8;314.8;282.0
Jan 02, 2015;315.1;313.6;316.0;313.0
Jan 01, 2015;313.9;317.5;317.5;312.9
Dec 31, 2014;317.0;309.0;317.6;308.6
Dec 30, 2014;308.8;314.4;315.3;307.9
Dec 29, 2014;311.9;319.6;321.5;311.9
Dec 28, 2014;317.5;317.3;318.6;312.0
Dec 27, 2014;315.9;327.1;327.1;312.7
Dec 26, 2014;328.5;319.2;329.8;317.5
Dec 25, 2014;319.0;322.6;323.1;317.9
Dec 24, 2014;322.8;333.6;334.3;322.8
Dec 23, 2014;332.9;330.0;335.2;326.1
Dec 22, 2014;329.0;318.2;329.2;317.5
Dec 21, 2014;317.2;328.4;328.4;316.9
Dec 20, 2014;329.1;315.8;330.0;314.9
Dec 19, 2014;315.7;309.3;317.0;306.0
Dec 18, 2014;308.3;318.6;321.1;303.6
Dec 17, 2014;318.2;333.4;337.0;315.0
Dec 16, 2014;330.6;348.1;348.1;330.6
Dec 15, 2014;347.2;354.1;354.1;346.3
Dec 14, 2014;352.7;350.6;356.8;347.0
Dec 13, 2014;350.9;352.6;352.6;348.3
Dec 12, 2014;352.8;350.4;357.0;349.9
Dec 11, 2014;350.0;346.6;363.3;343.6
Dec 10, 2014;346.9;354.0;356.2;343.5
Dec 09, 2014;353.9;363.2;364.4;345.5
Dec 08, 2014;363.3;375.2;375.6;361.7
Dec 07, 2014;374.4;373.9;376.7;370.9
Dec 06, 2014;372.8;378.0;379.1;371.1
Dec 05, 2014;378.4;368.8;380.6;367.2
Dec 04, 2014;370.3;375.8;378.9;364.8
Dec 03, 2014;375.7;381.4;383.1;374.3
Dec 02, 2014;382.0;377.4;382.6;376.9
Dec 01, 2014;377.6;376.7;380.0;374.9
Nov 30, 2014;376.7;374.7;380.3;373.1
Nov 29, 2014;374.5;375.3;383.0;372.0
Nov 28, 2014;375.6;369.9;380.3;359.5
Nov 27, 2014;369.6;369.3;373.5;368.1
Nov 26, 2014;367.9;377.0;378.3;365.8
Nov 25, 2014;375.8;373.5;390.0;373.1
Nov 24, 2014;373.2;365.3;387.0;327.8
Nov 23, 2014;360.6;347.5;360.6;346.7
Nov 22, 2014;346.4;350.9;360.3;346.1
Nov 21, 2014;349.3;353.5;356.0;346.1
Nov 20, 2014;355.9;380.5;380.6;353.4
Nov 19, 2014;379.2;373.1;381.6;372.1
Nov 18, 2014;370.0;388.6;390.9;370.0
Nov 17, 2014;387.6;388.9;407.0;376.0
Nov 16, 2014;388.2;380.6;391.9;380.3
Nov 15, 2014;376.5;400.5;406.3;371.0
Nov 14, 2014;399.1;410.0;414.6;385.0
Nov 13, 2014;419.4;428.3;445.0;387.5
Nov 12, 2014;417.9;375.0;431.1;375.0
Nov 11, 2014;367.0;366.5;367.2;361.3
Nov 10, 2014;368.0;360.0;372.5;355.0
Nov 09, 2014;360.0;343.7;360.0;342.5
Nov 08, 2014;345.0;342.0;345.0;340.5
Nov 07, 2014;341.5;348.5;350.0;341.1
Nov 06, 2014;348.5;337.8;349.7;335.5
Nov 05, 2014;337.5;330.8;341.0;321.0
Nov 04, 2014;326.9;323.6;330.2;321.8
Nov 03, 2014;323.6;324.3;335.5;323.3
Nov 02, 2014;322.5;327.0;329.4;321.3
Nov 01, 2014;327.2;337.7;338.4;321.7
Oct 31, 2014;337.0;344.9;346.5;336.6
Oct 30, 2014;343.9;334.6;350.6;333.0
Oct 29, 2014;333.2;352.2;352.3;333.2
Oct 28, 2014;353.1;351.2;353.2;349.0
Oct 27, 2014;350.6;351.1;355.0;346.5
Oct 26, 2014;350.0;346.8;356.3;344.0
Oct 25, 2014;347.4;356.8;357.5;342.3
Oct 24, 2014;356.1;356.1;359.9;349.0
Oct 23, 2014;356.0;379.7;381.0;353.0
Oct 22, 2014;380.0;382.9;385.5;379.7
Oct 21, 2014;382.8;380.7;387.8;378.2
Oct 20, 2014;381.0;385.9;386.8;374.6
Oct 19, 2014;386.3;386.3;389.1;384.3
Oct 18, 2014;390.0;379.1;391.8;377.0
Oct 17, 2014;380.3;380.7;385.7;371.9
Oct 16, 2014;379.3;395.0;395.0;372.2
Oct 15, 2014;393.5;392.7;397.9;379.3
Oct 14, 2014;397.9;388.0;405.8;385.9
Oct 13, 2014;383.4;367.1;391.0;363.3
Oct 12, 2014;372.0;361.9;375.0;354.3
Oct 11, 2014;361.3;358.9;366.0;352.3
Oct 10, 2014;359.5;363.7;375.0;352.4
Oct 09, 2014;363.5;349.1;375.7;346.0
Oct 08, 2014;350.0;332.1;351.0;325.0
Oct 07, 2014;331.0;330.5;334.6;315.8
Oct 06, 2014;323.8;320.2;345.5;303.1
Oct 05, 2014;322.5;327.6;341.2;285.1
Oct 04, 2014;328.7;359.6;364.8;322.4
Oct 03, 2014;357.7;371.5;375.1;356.4
Oct 02, 2014;371.7;383.1;385.5;370.3
Oct 01, 2014;383.0;387.0;389.0;377.0
Sep 30, 2014;387.1;374.2;392.1;372.0
Sep 29, 2014;369.6;376.8;383.0;367.3
Sep 28, 2014;374.7;398.8;399.4;370.0
Sep 27, 2014;397.3;400.4;405.0;395.1
Sep 26, 2014;403.0;411.2;414.8;397.0
Sep 25, 2014;409.1;420.6;420.6;404.0
Sep 24, 2014;420.4;426.7;430.0;408.6
Sep 23, 2014;429.1;398.9;440.5;395.4
Sep 22, 2014;397.7;400.1;406.2;394.0
Sep 21, 2014;400.7;409.3;412.5;394.2
Sep 20, 2014;411.6;396.5;427.3;392.5
Sep 19, 2014;395.3;426.8;428.4;389.9
Sep 18, 2014;427.2;456.7;460.0;412.0
Sep 17, 2014;456.8;465.7;469.0;450.4
Sep 16, 2014;465.1;466.8;475.1;464.4
Sep 15, 2014;469.9;476.5;478.8;469.9
Sep 14, 2014;476.5;477.2;479.1;474.3
Sep 13, 2014;478.1;471.2;480.8;470.8
Sep 12, 2014;471.8;475.7;477.9;467.8
Sep 11, 2014;477.1;479.6;480.8;470.1
Sep 10, 2014;477.3;474.0;487.0;473.3
Sep 09, 2014;472.7;471.0;475.5;463.3
Sep 08, 2014;470.4;476.7;478.1;462.2
Sep 07, 2014;479.7;481.1;483.6;479.7
Sep 06, 2014;481.3;481.4;485.0;479.6
Sep 05, 2014;477.6;487.1;488.6;477.6
Sep 04, 2014;489.2;473.7;494.3;473.3
Sep 03, 2014;474.0;478.5;478.9;473.4
Sep 02, 2014;476.8;481.6;485.8;475.0
Sep 01, 2014;485.8;487.4;489.5;479.1
Aug 31, 2014;483.4;503.1;504.0;482.3
Aug 30, 2014;499.0;506.9;506.9;499.0
Aug 29, 2014;507.5;506.0;510.1;503.0
Aug 28, 2014;507.8;512.0;513.3;506.6
Aug 27, 2014;511.0;512.9;518.0;511.0
Aug 26, 2014;508.4;507.0;514.7;505.5
Aug 25, 2014;502.5;506.3;511.0;498.2
Aug 24, 2014;507.3;500.7;512.8;500.0
Aug 23, 2014;500.1;510.5;511.6;499.0
Aug 22, 2014;515.6;518.4;521.5;502.0
Aug 21, 2014;515.9;515.6;529.0;510.0
Aug 20, 2014;517.0;492.1;525.0;471.7
Aug 19, 2014;490.3;470.0;498.0;470.0
Aug 18, 2014;478.2;504.2;506.7;462.4
Aug 17, 2014;501.3;525.4;527.0;490.1
Aug 16, 2014;527.2;502.7;527.8;489.5
Aug 15, 2014;506.2;517.3;525.0;490.0
Aug 14, 2014;510.0;549.0;549.0;503.0
Aug 13, 2014;549.0;567.6;567.7;530.5
Aug 12, 2014;566.0;570.0;570.5;563.0
Aug 11, 2014;572.5;582.7;583.2;572.5
Aug 10, 2014;580.0;581.9;586.4;580.0
Aug 09, 2014;583.3;583.0;583.9;581.3
Aug 08, 2014;586.4;582.9;587.6;582.9
Aug 07, 2014;582.3;577.5;583.3;577.5
Aug 06, 2014;577.5;575.3;583.7;574.3
Aug 05, 2014;575.0;582.0;584.0;574.2
Aug 04, 2014;581.1;583.1;587.8;581.1
Aug 03, 2014;582.1;583.9;583.9;578.3
Aug 02, 2014;587.8;593.3;593.3;583.7
Aug 01, 2014;594.9;578.0;606.1;578.0
Jul 31, 2014;579.0;554.0;586.0;553.5
Jul 30, 2014;551.0;575.4;575.8;550.0
Jul 29, 2014;575.0;580.0;585.7;566.2
Jul 28, 2014;586.4;585.0;588.0;571.0
Jul 27, 2014;590.5;594.3;595.0;590.0
Jul 26, 2014;594.0;599.0;599.0;590.2
Jul 25, 2014;598.0;600.9;605.3;595.0
Jul 24, 2014;600.3;616.8;616.9;593.2
Jul 23, 2014;617.2;612.0;618.6;610.0
Jul 22, 2014;612.6;620.0;624.0;605.5
Jul 21, 2014;619.8;621.0;621.8;605.0
Jul 20, 2014;618.9;623.3;623.3;617.0
Jul 19, 2014;625.3;627.2;627.2;618.0
Jul 18, 2014;627.5;626.4;627.5;616.8
Jul 17, 2014;627.6;622.0;631.1;619.0
Jul 16, 2014;621.0;620.0;631.7;614.0
Jul 15, 2014;620.9;621.3;624.0;617.9
Jul 14, 2014;622.4;621.7;624.0;616.0
Jul 13, 2014;624.0;626.0;626.0;621.5
Jul 12, 2014;626.0;625.1;630.0;623.0
Jul 11, 2014;625.5;610.0;625.5;609.9
Jul 10, 2014;610.0;618.5;620.0;608.5
Jul 09, 2014;620.2;620.7;624.7;616.3
Jul 08, 2014;618.5;623.3;626.0;611.1
Jul 07, 2014;624.0;630.5;635.0;615.0
Jul 06, 2014;633.3;634.6;636.8;630.5
Jul 05, 2014;630.0;635.0;636.0;630.0
Jul 04, 2014;632.2;650.0;650.0;628.5
Jul 03, 2014;643.6;649.5;652.0;640.7
Jul 02, 2014;647.9;650.6;654.9;641.0
Jul 01, 2014;650.8;650.0;662.0;643.9
Jun 30, 2014;640.0;605.5;646.0;605.5
Jun 29, 2014;603.7;603.0;607.0;601.0
Jun 28, 2014;600.1;602.5;610.5;600.1
Jun 27, 2014;606.2;582.7;606.2;582.0
Jun 26, 2014;577.9;573.5;578.8;572.0
Jun 25, 2014;568.1;585.0;585.0;568.1
Jun 24, 2014;587.3;595.9;595.9;585.0
Jun 23, 2014;599.3;609.7;609.7;592.5
Jun 22, 2014;607.8;605.0;620.0;605.0
Jun 21, 2014;601.6;597.3;601.6;592.2
Jun 20, 2014;601.0;595.9;603.0;591.0
Jun 19, 2014;602.0;608.0;613.8;600.3
Jun 18, 2014;611.5;615.5;621.1;603.8
Jun 17, 2014;614.3;578.8;614.3;577.0
Jun 16, 2014;580.0;580.8;601.0;580.0
Jun 15, 2014;571.0;565.0;571.8;549.3
Jun 14, 2014;554.4;584.0;584.5;545.3
Jun 13, 2014;582.6;586.9;615.6;570.0
Jun 12, 2014;590.0;636.0;640.1;569.1
Jun 11, 2014;637.1;657.3;657.3;637.1
Jun 10, 2014;653.6;654.0;663.0;647.0
Jun 09, 2014;653.7;663.9;663.9;653.0
Jun 08, 2014;662.3;664.8;668.2;660.0
Jun 07, 2014;663.0;646.8;663.0;646.8
Jun 06, 2014;655.0;661.0;666.0;654.7
Jun 05, 2014;663.3;651.8;670.0;650.0
Jun 04, 2014;652.3;681.3;681.3;640.0
Jun 03, 2014;682.9;673.1;693.9;665.0
Jun 02, 2014;669.5;647.1;675.0;623.9
Jun 01, 2014;646.5;638.0;687.3;625.0
May 31, 2014;635.6;621.0;635.6;618.6
May 30, 2014;629.0;590.0;629.0;590.0
May 29, 2014;573.0;570.0;575.0;567.9
May 28, 2014;577.0;570.0;580.0;563.4
May 27, 2014;570.0;575.6;580.0;557.7
May 26, 2014;575.0;569.0;580.1;563.2
May 25, 2014;566.2;507.8;572.0;507.8
May 24, 2014;502.3;500.0;505.0;500.0
May 23, 2014;509.5;507.0;529.8;500.8
May 22, 2014;502.3;476.5;507.0;475.8
May 21, 2014;477.6;480.0;480.0;475.8
May 20, 2014;476.0;440.0;480.0;440.0
May 19, 2014;439.0;434.8;440.0;423.8
May 18, 2014;438.8;438.0;438.8;436.3
May 17, 2014;442.0;443.0;443.0;435.4
May 16, 2014;442.3;442.0;443.0;442.0
May 15, 2014;442.0;440.0;442.0;438.0
May 14, 2014;444.0;437.3;444.0;432.0
May 13, 2014;437.3;439.0;439.0;433.7
May 12, 2014;440.0;434.5;441.0;433.0
May 11, 2014;432.0;449.6;449.6;430.5
May 10, 2014;451.1;452.0;452.3;449.1
May 09, 2014;446.0;440.0;452.0;439.5
May 08, 2014;442.8;440.0;447.0;439.5
May 07, 2014;438.0;430.0;448.7;425.9
May 06, 2014;430.0;426.5;431.5;419.8
May 05, 2014;427.0;436.4;439.9;426.5
May 04, 2014;430.9;439.5;440.6;430.9
May 03, 2014;440.5;452.0;452.0;432.6
May 02, 2014;453.5;459.0;459.6;447.0
May 01, 2014;459.0;450.8;463.0;450.8
Apr 30, 2014;448.3;446.0;450.0;440.5
Apr 29, 2014;434.0;438.7;450.0;431.5
Apr 28, 2014;448.0;434.0;448.0;433.0
Apr 27, 2014;441.5;460.0;460.5;441.5
Apr 26, 2014;459.0;467.4;470.5;453.9
Apr 25, 2014;460.0;493.1;494.4;446.2
Apr 24, 2014;497.5;486.0;497.5;480.0
Apr 23, 2014;490.2;494.9;494.9;480.0
Apr 22, 2014;488.0;499.5;501.0;488.0
Apr 21, 2014;497.0;509.0;510.0;495.8
Apr 20, 2014;512.5;510.0;512.5;510.0
Apr 19, 2014;505.0;488.2;510.0;484.7
Apr 18, 2014;490.5;499.4;504.4;483.6
Apr 17, 2014;500.7;519.5;522.3;491.0
Apr 16, 2014;522.3;510.0;522.8;499.0
Apr 15, 2014;515.0;453.4;515.0;453.4
Apr 14, 2014;459.0;403.1;464.0;403.1
Apr 13, 2014;404.2;415.0;415.0;404.2
Apr 12, 2014;415.0;417.8;430.0;412.0
Apr 11, 2014;416.3;355.0;427.0;325.0
Apr 10, 2014;370.0;440.2;440.2;370.0
Apr 09, 2014;442.5;455.0;455.0;440.0
Apr 08, 2014;448.8;454.5;458.3;448.8
Apr 07, 2014;454.2;460.2;463.6;445.0
Apr 06, 2014;453.7;463.3;463.3;453.7
Apr 05, 2014;460.8;453.0;460.8;445.2
Apr 04, 2014;450.0;441.5;458.1;434.2
Apr 03, 2014;448.8;440.6;462.0;422.0
Apr 02, 2014;443.3;479.2;490.5;435.8
Apr 01, 2014;482.8;460.3;486.0;451.4
Mar 31, 2014;452.0;478.6;485.0;443.1
Mar 30, 2014;464.1;493.0;493.0;440.4
Mar 29, 2014;491.9;506.2;507.0;491.0
Mar 28, 2014;497.4;525.0;525.0;490.0
Mar 27, 2014;498.5;582.4;589.3;498.5
Mar 26, 2014;595.0;580.0;595.0;570.0
Mar 25, 2014;582.0;586.6;586.7;579.1
Mar 24, 2014;590.0;560.4;590.0;552.0
Mar 23, 2014;566.2;570.3;570.3;566.2
Mar 22, 2014;560.0;560.0;562.9;550.0
Mar 21, 2014;568.8;581.0;605.4;568.8
Mar 20, 2014;583.5;610.0;639.2;583.5
Mar 19, 2014;611.0;622.9;622.9;611.0
Mar 18, 2014;618.4;623.1;623.9;610.9
Mar 17, 2014;624.3;635.0;635.7;624.0
Mar 16, 2014;635.0;640.1;640.1;635.0
Mar 15, 2014;641.6;636.9;641.6;636.9
Mar 14, 2014;630.0;632.9;639.0;630.0
Mar 13, 2014;642.0;633.5;645.1;633.5
Mar 12, 2014;650.0;615.0;650.0;615.0
Mar 11, 2014;615.0;615.0;615.0;613.5
Mar 10, 2014;615.0;621.0;621.0;612.8
Mar 09, 2014;621.0;610.5;621.0;609.4
Mar 08, 2014;614.1;621.0;621.0;600.2
Mar 07, 2014;621.0;663.0;663.0;614.0
Mar 06, 2014;663.0;673.4;675.0;657.0
Mar 05, 2014;675.0;658.0;675.8;658.0
Mar 04, 2014;668.0;654.7;675.0;652.6
Mar 03, 2014;658.0;571.5;685.0;569.7
Mar 02, 2014;560.6;570.9;583.5;560.0
Mar 01, 2014;568.2;565.0;571.8;560.0
Feb 28, 2014;565.0;575.5;590.3;544.9
Feb 27, 2014;579.0;592.5;592.5;565.7
Feb 26, 2014;582.0;548.7;594.5;544.0
Feb 25, 2014;515.0;554.0;567.0;425.0
Feb 24, 2014;562.4;597.3;597.3;562.4
Feb 23, 2014;619.0;597.7;624.1;597.7
Feb 22, 2014;595.2;587.6;602.8;563.7
Feb 21, 2014;568.0;565.2;591.5;548.5
Feb 20, 2014;578.9;633.0;633.0;574.8
Feb 19, 2014;630.4;634.2;638.0;628.0
Feb 18, 2014;628.0;660.0;660.0;622.0
Feb 17, 2014;663.8;626.0;663.8;626.0
Feb 16, 2014;608.0;650.0;650.0;608.0
Feb 15, 2014;653.4;652.9;655.7;650.0
Feb 14, 2014;682.0;622.0;724.0;565.2
Feb 13, 2014;634.3;671.9;671.9;630.0
Feb 12, 2014;685.0;691.1;691.1;650.0
Feb 11, 2014;658.9;739.0;761.7;653.3
Feb 10, 2014;706.3;720.0;739.0;642.0
Feb 09, 2014;710.0;702.6;720.0;702.6
Feb 08, 2014;690.0;700.0;716.4;690.0
Feb 07, 2014;720.0;750.3;755.1;677.0
Feb 06, 2014;771.6;793.0;793.0;768.0
Feb 05, 2014;791.0;807.0;808.0;791.0
Feb 04, 2014;813.0;810.8;813.2;808.3
Feb 03, 2014;810.0;806.8;814.1;801.7
Feb 01, 2014;814.6;801.9;814.6;801.9
Jan 31, 2014;800.0;801.7;803.3;791.8
Jan 30, 2014;803.9;794.4;803.9;785.4
Jan 29, 2014;800.0;789.0;800.0;783.6
Jan 28, 2014;795.0;779.8;812.0;770.0
Jan 27, 2014;760.3;810.9;810.9;757.0
Jan 26, 2014;809.7;804.2;823.9;731.0
Jan 25, 2014;810.0;795.8;810.0;789.4
Jan 24, 2014;781.9;800.0;800.0;773.2
Jan 23, 2014;816.2;819.0;820.0;804.3
Jan 22, 2014;807.0;807.0;807.0;807.0
Jan 21, 2014;810.0;810.0;824.7;794.2
Jan 20, 2014;823.4;831.0;831.0;795.2
Jan 19, 2014;830.0;819.0;830.0;814.2
Jan 18, 2014;800.0;810.0;815.0;799.0
Jan 17, 2014;789.0;820.0;820.7;789.0
Jan 16, 2014;824.0;847.1;847.1;822.4
Jan 15, 2014;839.7;835.5;842.2;833.7
Jan 14, 2014;826.9;827.8;833.4;815.1
Jan 13, 2014;818.4;846.6;857.3;818.4
Jan 12, 2014;888.1;892.0;892.0;888.1
Jan 11, 2014;896.9;899.0;900.3;895.0
Jan 10, 2014;834.7;833.0;834.7;833.0
Jan 09, 2014;850.0;833.7;850.0;794.9
Jan 08, 2014;828.5;781.0;838.0;771.0
Jan 07, 2014;791.0;928.7;928.7;791.0
Jan 06, 2014;934.5;910.0;950.0;900.0
Jan 05, 2014;904.0;839.5;904.0;839.5
Jan 04, 2014;801.8;806.5;806.5;801.8
Jan 03, 2014;812.1;801.0;812.1;801.0
Jan 02, 2014;775.0;746.2;775.0;740.2
Jan 01, 2014;740.3;740.0;757.0;733.5
